code,name,market,industry,listing_date,category,code_len
1101,台泥,上市,水泥工業,1962/2/9,股票,4
1102,亞泥,上市,水泥工業,1962/6/8,股票,4
1103,嘉泥,上市,水泥工業,1969/11/14,股票,4
1104,環泥,上市,水泥工業,1971/2/1,股票,4
1108,幸福,上市,水泥工業,1990/6/6,股票,4
1109,信大,上市,水泥工業,1991/12/5,股票,4
1110,東泥,上市,水泥工業,1994/10/22,股票,4
1201,味全,上市,食品工業,1962/2/9,股票,4
1203,味王,上市,食品工業,1964/8/24,股票,4
1210,大成,上市,食品工業,1978/5/20,股票,4
1213,大飲,上市,食品工業,1981/4/10,股票,4
1215,卜蜂,上市,食品工業,1987/7/27,股票,4
1216,統一,上市,食品工業,1987/12/28,股票,4
1217,愛之味,上市,食品工業,1989/10/28,股票,4
1218,泰山,上市,食品工業,1989/11/11,股票,4
1219,福壽,上市,食品工業,1990/12/1,股票,4
1220,台榮,上市,食品工業,1991/11/20,股票,4
1225,福懋油,上市,食品工業,1993/9/27,股票,4
1227,佳格,上市,食品工業,1994/4/9,股票,4
1229,聯華,上市,食品工業,1976/7/19,股票,4
1231,聯華食,上市,食品工業,1995/11/2,股票,4
1232,大統益,上市,食品工業,1996/2/9,股票,4
1233,天仁,上市,食品工業,1999/1/20,股票,4
1234,黑松,上市,食品工業,1999/3/12,股票,4
1235,興泰,上市,食品工業,2000/9/11,股票,4
1236,宏亞,上市,食品工業,2001/9/17,股票,4
1256,鮮活果汁-KY,上市,食品工業,2016/3/17,股票,4
1301,台塑,上市,塑膠工業,1964/7/27,股票,4
1303,南亞,上市,塑膠工業,1967/11/5,股票,4
1304,台聚,上市,塑膠工業,1972/5/20,股票,4
1305,華夏,上市,塑膠工業,1973/3/5,股票,4
1307,三芳,上市,塑膠工業,1985/11/23,股票,4
1308,亞聚,上市,塑膠工業,1986/6/20,股票,4
1309,台達化,上市,塑膠工業,1986/6/27,股票,4
1310,台苯,上市,塑膠工業,1987/8/6,股票,4
1312,國喬,上市,塑膠工業,1988/12/21,股票,4
1313,聯成,上市,塑膠工業,1989/3/27,股票,4
1314,中石化,上市,塑膠工業,1991/7/12,股票,4
1315,達新,上市,塑膠工業,1992/5/9,股票,4
1316,上曜,上市,建材營造業,1992/10/15,股票,4
1319,東陽,上市,汽車工業,1994/12/12,股票,4
1321,大洋,上市,塑膠工業,1999/1/26,股票,4
1323,永裕,上市,塑膠工業,2000/9/11,股票,4
1324,地球,上市,塑膠工業,2000/9/11,股票,4
1325,恆大,上市,塑膠工業,2000/9/11,股票,4
1326,台化,上市,塑膠工業,1984/12/20,股票,4
1337,再生-KY,上市,塑膠工業,2011/7/1,股票,4
1338,廣華-KY,上市,汽車工業,2012/12/19,股票,4
1339,昭輝,上市,汽車工業,2012/4/24,股票,4
1340,勝悅-KY,上市,塑膠工業,2013/12/6,股票,4
1341,富林-KY,上市,塑膠工業,2018/12/24,股票,4
1342,八貫,上市,其他業,2020/11/24,股票,4
1402,遠東新,上市,紡織纖維,1967/4/14,股票,4
1409,新纖,上市,紡織纖維,1973/8/31,股票,4
1410,南染,上市,紡織纖維,1973/10/18,股票,4
1413,宏洲,上市,紡織纖維,1975/12/23,股票,4
1414,東和,上市,紡織纖維,1976/2/2,股票,4
1416,廣豐,上市,其他業,1976/4/20,股票,4
1417,嘉裕,上市,紡織纖維,1976/12/28,股票,4
1418,東華,上市,紡織纖維,1977/2/14,股票,4
1419,新紡,上市,紡織纖維,1977/3/14,股票,4
1423,利華,上市,紡織纖維,1979/4/2,股票,4
1432,大魯閣,上市,運動休閒,1982/7/26,股票,4
1434,福懋,上市,紡織纖維,1985/12/24,股票,4
1435,中福,上市,其他業,1987/12/28,股票,4
1436,華友聯,上市,建材營造業,1988/4/11,股票,4
1437,勤益控,上市,其他業,1988/11/10,股票,4
1438,三地開發,上市,建材營造業,1988/12/15,股票,4
1439,雋揚,上市,建材營造業,1989/5/22,股票,4
1440,南紡,上市,紡織纖維,1989/10/3,股票,4
1441,大東,上市,紡織纖維,1989/10/27,股票,4
1442,名軒,上市,建材營造業,1989/11/16,股票,4
1443,立益物流,上市,其他業,1990/4/21,股票,4
1444,力麗,上市,紡織纖維,1990/8/8,股票,4
1445,大宇,上市,紡織纖維,1991/2/5,股票,4
1446,宏和,上市,紡織纖維,1991/10/15,股票,4
1447,力鵬,上市,紡織纖維,1992/1/28,股票,4
1449,佳和,上市,紡織纖維,1992/3/12,股票,4
1451,年興,上市,紡織纖維,1992/12/21,股票,4
1452,宏益,上市,紡織纖維,1992/12/28,股票,4
1453,大將,上市,建材營造業,1993/4/19,股票,4
1454,台富,上市,紡織纖維,1993/5/7,股票,4
1455,集盛,上市,紡織纖維,1993/10/7,股票,4
1456,怡華,上市,建材營造業,1993/12/9,股票,4
1457,宜進,上市,紡織纖維,1994/10/20,股票,4
1459,聯發,上市,紡織纖維,1994/10/26,股票,4
1460,宏遠,上市,紡織纖維,1995/4/28,股票,4
1463,強盛新,上市,紡織纖維,1996/12/5,股票,4
1464,得力,上市,紡織纖維,1997/1/18,股票,4
1465,偉全,上市,紡織纖維,1997/9/8,股票,4
1466,聚隆,上市,紡織纖維,1998/4/4,股票,4
1467,南緯,上市,紡織纖維,1998/12/21,股票,4
1468,昶和,上市,紡織纖維,1999/1/21,股票,4
1470,大統新創,上市,紡織纖維,1999/5/21,股票,4
1471,首利,上市,電子零組件業,2000/3/6,股票,4
1472,三洋實業,上市,建材營造業,2000/9/11,股票,4
1473,台南,上市,紡織纖維,2000/9/11,股票,4
1474,弘裕,上市,紡織纖維,2000/10/31,股票,4
1475,業旺,上市,紡織纖維,2000/10/27,股票,4
1476,儒鴻,上市,紡織纖維,2001/4/18,股票,4
1477,聚陽,上市,紡織纖維,2003/1/21,股票,4
1503,士電,上市,電機機械,1969/12/15,股票,4
1504,東元,上市,電機機械,1973/11/5,股票,4
1506,正道,上市,電機機械,1980/8/11,股票,4
1512,瑞利,上市,汽車工業,1994/1/28,股票,4
1513,中興電,上市,電機機械,1994/3/8,股票,4
1514,亞力,上市,電機機械,1994/3/26,股票,4
1515,力山,上市,電機機械,1995/2/4,股票,4
1516,川飛,上市,其他業,1995/4/1,股票,4
1517,利奇,上市,電機機械,1995/11/14,股票,4
1519,華城,上市,電機機械,1997/4/16,股票,4
1521,大億,上市,汽車工業,1997/10/6,股票,4
1522,堤維西,上市,汽車工業,1997/10/6,股票,4
1524,耿鼎,上市,汽車工業,1998/10/30,股票,4
1525,江申,上市,汽車工業,1999/5/15,股票,4
1526,日馳,上市,電機機械,2000/3/27,股票,4
1527,鑽全,上市,電機機械,2000/6/21,股票,4
1528,恩德,上市,電機機械,2000/9/11,股票,4
1529,樂事綠能,上市,電機機械,2000/9/11,股票,4
1530,亞崴,上市,電機機械,2000/9/11,股票,4
1531,高林股,上市,電機機械,2000/9/11,股票,4
1532,勤美,上市,電機機械,2000/9/11,股票,4
1533,車王電,上市,汽車工業,2001/4/6,股票,4
1535,中宇,上市,電機機械,2001/9/17,股票,4
1536,和大,上市,汽車工業,2001/9/17,股票,4
1537,廣隆,上市,電機機械,2002/1/22,股票,4
1538,正峰,上市,電機機械,2002/8/26,股票,4
1539,巨庭,上市,電機機械,2002/10/29,股票,4
1540,喬福,上市,電機機械,2002/8/26,股票,4
1541,錩泰,上市,電機機械,2003/3/19,股票,4
1558,伸興,上市,電機機械,2014/12/23,股票,4
1560,中砂,上市,電機機械,2005/1/31,股票,4
1563,巧新,上市,汽車工業,2024/5/13,股票,4
1568,倉佑,上市,汽車工業,2014/5/14,股票,4
1582,信錦,上市,電子零組件業,2009/12/17,股票,4
1583,程泰,上市,電機機械,2008/1/24,股票,4
1587,吉茂,上市,汽車工業,2018/4/16,股票,4
1589,永冠-KY,上市,電機機械,2012/4/27,股票,4
1590,亞德客-KY,上市,電機機械,2010/12/13,股票,4
1597,直得,上市,電機機械,2020/12/23,股票,4
1598,岱宇,上市,運動休閒,2016/9/20,股票,4
1603,華電,上市,電器電纜,1968/6/3,股票,4
1604,聲寶,上市,電器電纜,1970/12/14,股票,4
1605,華新,上市,電器電纜,1972/11/3,股票,4
1608,華榮,上市,電器電纜,1988/7/11,股票,4
1609,大亞,上市,電器電纜,1988/12/12,股票,4
1611,中電,上市,電器電纜,1990/1/16,股票,4
1612,宏泰,上市,電器電纜,1993/5/8,股票,4
1614,三洋電,上市,電器電纜,1997/9/18,股票,4
1615,大山,上市,電器電纜,2000/3/30,股票,4
1616,億泰,上市,電器電纜,2000/9/11,股票,4
1617,榮星,上市,電器電纜,2000/9/11,股票,4
1618,合機,上市,電器電纜,2000/9/11,股票,4
1623,大東電,上市,電器電纜,2026/1/22,股票,4
1626,艾美特-KY,上市,電器電纜,2013/3/21,股票,4
1702,南僑,上市,食品工業,1973/5/30,股票,4
1707,葡萄王,上市,生技醫療業,1982/12/20,股票,4
1708,東鹼,上市,化學工業,1986/6/16,股票,4
1709,和益,上市,化學工業,1986/7/3,股票,4
1710,東聯,上市,化學工業,1987/10/21,股票,4
1711,永光,上市,化學工業,1988/12/27,股票,4
1712,興農,上市,化學工業,1989/12/14,股票,4
1713,國化,上市,化學工業,1990/1/31,股票,4
1714,和桐,上市,化學工業,1991/8/30,股票,4
1717,長興,上市,化學工業,1994/3/31,股票,4
1718,中纖,上市,化學工業,1963/12/2,股票,4
1720,生達,上市,生技醫療業,1995/12/12,股票,4
1721,三晃,上市,化學工業,1996/5/16,股票,4
1722,台肥,上市,化學工業,1998/3/24,股票,4
1723,中碳,上市,化學工業,1998/11/27,股票,4
1725,元禎,上市,化學工業,2000/9/11,股票,4
1726,永記,上市,化學工業,2000/9/11,股票,4
1727,中華化,上市,化學工業,2000/9/11,股票,4
1730,花仙子,上市,化學工業,2001/9/17,股票,4
1731,美吾華,上市,生技醫療業,2001/9/17,股票,4
1732,毛寶,上市,化學工業,2001/9/17,股票,4
1733,五鼎,上市,生技醫療業,2001/9/17,股票,4
1734,杏輝,上市,生技醫療業,2002/8/26,股票,4
1735,日勝化,上市,化學工業,2002/8/26,股票,4
1736,喬山,上市,運動休閒,2003/1/9,股票,4
1737,臺鹽,上市,食品工業,2003/11/18,股票,4
1752,南光,上市,生技醫療業,2022/1/19,股票,4
1760,寶齡富錦,上市,生技醫療業,2018/1/23,股票,4
1762,中化生,上市,生技醫療業,2010/12/20,股票,4
1773,勝一,上市,化學工業,2009/2/27,股票,4
1776,展宇,上市,化學工業,2016/5/9,股票,4
1783,和康生,上市,生技醫療業,2013/12/20,股票,4
1786,科妍,上市,生技醫療業,2013/11/12,股票,4
1789,神隆,上市,生技醫療業,2011/9/29,股票,4
1795,美時,上市,生技醫療業,2019/12/16,股票,4
1802,台玻,上市,玻璃陶瓷,1973/7/20,股票,4
1805,寶徠,上市,建材營造業,1989/10/20,股票,4
1806,冠軍,上市,玻璃陶瓷,1992/9/29,股票,4
1808,潤隆,上市,建材營造業,1994/10/26,股票,4
1809,中釉,上市,玻璃陶瓷,1996/4/30,股票,4
1810,和成,上市,玻璃陶瓷,1991/10/14,股票,4
1817,凱撒衛,上市,玻璃陶瓷,2013/10/24,股票,4
1903,士紙,上市,造紙工業,1963/12/9,股票,4
1904,正隆,上市,造紙工業,1971/9/10,股票,4
1905,華紙,上市,造紙工業,1975/2/7,股票,4
1906,寶隆,上市,造紙工業,1976/4/26,股票,4
1907,永豐餘,上市,造紙工業,1977/2/22,股票,4
1909,榮成,上市,造紙工業,1985/11/19,股票,4
2002,中鋼,上市,鋼鐵工業,1974/12/26,股票,4
2006,東和鋼鐵,上市,鋼鐵工業,1988/7/13,股票,4
2007,燁興,上市,鋼鐵工業,1988/10/4,股票,4
2008,高興昌,上市,鋼鐵工業,1988/12/28,股票,4
2009,第一銅,上市,鋼鐵工業,1989/10/20,股票,4
2010,春源,上市,鋼鐵工業,1989/12/22,股票,4
2012,春雨,上市,鋼鐵工業,1991/10/17,股票,4
2013,中鋼構,上市,鋼鐵工業,1992/1/21,股票,4
2014,中鴻,上市,鋼鐵工業,1992/2/20,股票,4
2015,豐興,上市,鋼鐵工業,1992/5/25,股票,4
2017,官田鋼,上市,鋼鐵工業,1992/11/2,股票,4
2020,美亞,上市,鋼鐵工業,1993/4/27,股票,4
2022,聚亨,上市,鋼鐵工業,1995/3/27,股票,4
2023,燁輝,上市,鋼鐵工業,1995/7/28,股票,4
2024,志聯,上市,鋼鐵工業,1995/12/30,股票,4
2025,千興,上市,鋼鐵工業,1996/2/8,股票,4
2027,大成鋼,上市,鋼鐵工業,1996/10/24,股票,4
2028,威致,上市,鋼鐵工業,1996/12/13,股票,4
2029,盛餘,上市,鋼鐵工業,1997/1/11,股票,4
2030,彰源,上市,鋼鐵工業,1998/12/24,股票,4
2031,新光鋼,上市,鋼鐵工業,2000/9/11,股票,4
2032,新鋼,上市,鋼鐵工業,2000/9/11,股票,4
2033,佳大,上市,鋼鐵工業,2000/9/11,股票,4
2034,允強,上市,鋼鐵工業,2001/9/17,股票,4
2038,海光,上市,鋼鐵工業,2008/12/30,股票,4
2049,上銀,上市,電機機械,2009/6/26,股票,4
2059,川湖,上市,電子零組件業,2008/6/25,股票,4
2062,橋椿,上市,居家生活,2007/11/16,股票,4
2069,運錩,上市,鋼鐵工業,2016/3/22,股票,4
2072,世紀風電,上市,綠能環保,2026/3/26,股票,4
2101,南港,上市,橡膠工業,1963/11/1,股票,4
2102,泰豐,上市,橡膠工業,1979/7/16,股票,4
2103,台橡,上市,橡膠工業,1982/9/25,股票,4
2104,國際中橡,上市,橡膠工業,1986/7/15,股票,4
2105,正新,上市,橡膠工業,1987/12/7,股票,4
2106,建大,上市,橡膠工業,1990/12/20,股票,4
2107,厚生,上市,橡膠工業,1992/3/3,股票,4
2108,南帝,上市,橡膠工業,1992/10/27,股票,4
2109,華豐,上市,橡膠工業,2000/5/8,股票,4
2114,鑫永銓,上市,橡膠工業,2010/12/29,股票,4
2115,六暉-KY,上市,汽車工業,2013/12/25,股票,4
2201,裕隆,上市,汽車工業,1976/7/8,股票,4
2204,中華,上市,汽車工業,1991/3/12,股票,4
2206,三陽工業,上市,汽車工業,1996/7/29,股票,4
2207,和泰車,上市,汽車工業,1997/2/25,股票,4
2208,台船,上市,航運業,2008/12/22,股票,4
2211,長榮鋼,上市,鋼鐵工業,2021/4/12,股票,4
2227,裕日車,上市,汽車工業,2004/12/21,股票,4
2228,劍麟,上市,汽車工業,2013/11/25,股票,4
2231,為升,上市,汽車工業,2010/11/19,股票,4
2233,宇隆,上市,汽車工業,2019/9/17,股票,4
2236,百達-KY,上市,汽車工業,2015/6/3,股票,4
2239,英利-KY,上市,汽車工業,2016/1/27,股票,4
2241,艾姆勒,上市,汽車工業,2020/8/26,股票,4
2243,宏旭-KY,上市,汽車工業,2017/9/27,股票,4
2247,汎德永業,上市,汽車工業,2020/10/12,股票,4
2248,華勝-KY,上市,汽車工業,2025/3/13,股票,4
2250,IKKA-KY,上市,汽車工業,2021/5/31,股票,4
2301,光寶科,上市,電腦及週邊設備業,1995/11/17,股票,4
2302,麗正,上市,半導體業,1985/1/15,股票,4
2303,聯電,上市,半導體業,1985/7/16,股票,4
2305,全友,上市,電腦及週邊設備業,1988/10/21,股票,4
2308,台達電,上市,電子零組件業,1988/12/19,股票,4
2312,金寶,上市,其他電子業,1989/11/7,股票,4
2313,華通,上市,電子零組件業,1990/7/24,股票,4
2314,台揚,上市,通信網路業,1990/8/8,股票,4
2316,楠梓電,上市,電子零組件業,1991/2/5,股票,4
2317,鴻海,上市,其他電子業,1991/6/18,股票,4
2321,東訊,上市,通信網路業,1991/11/8,股票,4
2323,中環,上市,光電業,1992/2/17,股票,4
2324,仁寶,上市,電腦及週邊設備業,1992/2/18,股票,4
2327,國巨*,上市,電子零組件業,1993/10/22,股票,4
2328,廣宇,上市,電子零組件業,1993/11/9,股票,4
2329,華泰,上市,半導體業,1994/4/20,股票,4
2330,台積電,上市,半導體業,1994/9/5,股票,4
2331,精英,上市,電腦及週邊設備業,1994/9/21,股票,4
2332,友訊,上市,通信網路業,1994/10/17,股票,4
2337,旺宏,上市,半導體業,1995/3/15,股票,4
2338,光罩,上市,半導體業,1995/4/17,股票,4
2340,台亞,上市,半導體業,1995/5/2,股票,4
2342,茂矽,上市,半導體業,1995/9/19,股票,4
2344,華邦電,上市,半導體業,1995/10/18,股票,4
2345,智邦,上市,通信網路業,1995/11/15,股票,4
2347,聯強,上市,電子通路業,1995/12/13,股票,4
2348,海悅,上市,其他業,1996/1/5,股票,4
2349,錸德,上市,光電業,1996/4/23,股票,4
2351,順德,上市,半導體業,1996/4/25,股票,4
2352,佳世達,上市,電腦及週邊設備業,1996/7/22,股票,4
2353,宏��,上市,電腦及週邊設備業,1996/9/18,股票,4
2354,鴻準,上市,其他電子業,1996/10/8,股票,4
2355,敬鵬,上市,電子零組件業,1996/10/14,股票,4
2356,英業達,上市,電腦及週邊設備業,1996/11/13,股票,4
2357,華碩,上市,電腦及週邊設備業,1996/11/14,股票,4
2359,所羅門,上市,其他電子業,1996/12/19,股票,4
2360,致茂,上市,其他電子業,1996/12/21,股票,4
2362,藍天,上市,電腦及週邊設備業,1997/4/2,股票,4
2363,矽統,上市,半導體業,1997/8/1,股票,4
2364,倫飛,上市,電腦及週邊設備業,1997/8/11,股票,4
2365,昆盈,上市,電腦及週邊設備業,1997/11/3,股票,4
2367,燿華,上市,電子零組件業,1997/12/13,股票,4
2368,金像電,上市,電子零組件業,1998/3/9,股票,4
2369,菱生,上市,半導體業,1998/4/10,股票,4
2371,大同,上市,電機機械,1962/2/9,股票,4
2373,震旦行,上市,其他電子業,1991/8/1,股票,4
2374,佳能,上市,光電業,1995/1/16,股票,4
2375,凱美,上市,電子零組件業,1998/8/29,股票,4
2376,技嘉,上市,電腦及週邊設備業,1998/9/24,股票,4
2377,微星,上市,電腦及週邊設備業,1998/10/31,股票,4
2379,瑞昱,上市,半導體業,1998/10/26,股票,4
2380,虹光,上市,電腦及週邊設備業,1998/12/3,股票,4
2382,廣達,上市,電腦及週邊設備業,1999/1/8,股票,4
2383,台光電,上市,電子零組件業,1998/11/27,股票,4
2385,群光,上市,電子零組件業,1999/1/5,股票,4
2387,精元,上市,電腦及週邊設備業,1999/1/25,股票,4
2388,威盛,上市,半導體業,1999/3/5,股票,4
2390,云辰,上市,其他電子業,1999/6/15,股票,4
2392,正崴,上市,電子零組件業,1999/9/20,股票,4
2393,億光,上市,光電業,1999/11/4,股票,4
2395,研華,上市,電腦及週邊設備業,1999/12/13,股票,4
2397,友通,上市,電腦及週邊設備業,2000/1/15,股票,4
2399,映泰,上市,電腦及週邊設備業,1999/12/16,股票,4
2401,凌陽,上市,半導體業,2000/1/27,股票,4
2402,毅嘉,上市,電子零組件業,2000/1/14,股票,4
2404,漢唐,上市,其他電子業,2000/3/14,股票,4
2405,輔信,上市,電腦及週邊設備業,2000/3/17,股票,4
2406,國碩,上市,光電業,2000/4/29,股票,4
2408,南亞科,上市,半導體業,2000/8/17,股票,4
2409,友達,上市,光電業,2000/9/8,股票,4
2412,中華電,上市,通信網路業,2000/10/27,股票,4
2413,環科,上市,電子零組件業,2000/9/11,股票,4
2414,精技,上市,電子通路業,2000/9/11,股票,4
2415,錩新,上市,電子零組件業,2000/9/11,股票,4
2417,圓剛,上市,電腦及週邊設備業,2000/9/11,股票,4
2419,仲琦,上市,通信網路業,2000/9/11,股票,4
2420,新巨,上市,電子零組件業,2000/9/11,股票,4
2421,建準,上市,電子零組件業,2000/9/11,股票,4
2423,固緯,上市,其他電子業,2000/9/11,股票,4
2424,隴華,上市,通信網路業,2000/9/11,股票,4
2425,承啟,上市,電腦及週邊設備業,2000/9/11,股票,4
2426,鼎元,上市,光電業,2000/9/11,股票,4
2427,三商電,上市,資訊服務業,2000/9/11,股票,4
2428,興勤,上市,電子零組件業,2000/9/11,股票,4
2429,銘旺科,上市,光電業,2000/9/11,股票,4
2430,燦坤,上市,電子通路業,2000/9/11,股票,4
2431,聯昌,上市,電子零組件業,2000/9/11,股票,4
2433,互盛電,上市,其他電子業,2000/9/11,股票,4
2434,統懋,上市,半導體業,2000/9/11,股票,4
2436,偉詮電,上市,半導體業,2000/9/11,股票,4
2438,翔耀,上市,光電業,2000/9/11,股票,4
2439,美律,上市,通信網路業,2000/9/11,股票,4
2440,太空梭,上市,電子零組件業,2000/11/10,股票,4
2441,超豐,上市,半導體業,2000/10/26,股票,4
2442,新美齊,上市,建材營造業,2000/11/22,股票,4
2444,兆勁,上市,通信網路業,2000/12/8,股票,4
2449,京元電子,上市,半導體業,2001/5/9,股票,4
2450,神腦,上市,通信網路業,2001/5/24,股票,4
2451,創見,上市,半導體業,2001/5/3,股票,4
2453,凌群,上市,資訊服務業,2001/5/22,股票,4
2454,聯發科,上市,半導體業,2001/7/23,股票,4
2455,全新,上市,通信網路業,2002/1/24,股票,4
2457,飛宏,上市,電子零組件業,2001/9/17,股票,4
2458,義隆,上市,半導體業,2001/9/17,股票,4
2459,敦吉,上市,其他電子業,2001/9/17,股票,4
2460,建通,上市,電子零組件業,2001/9/17,股票,4
2461,光群雷,上市,其他電子業,2001/9/17,股票,4
2462,良得電,上市,電子零組件業,2001/9/17,股票,4
2464,盟立,上市,其他電子業,2001/9/17,股票,4
2465,麗臺,上市,電腦及週邊設備業,2001/9/19,股票,4
2466,冠西電,上市,光電業,2001/9/17,股票,4
2467,志聖,上市,電子零組件業,2001/9/17,股票,4
2468,華經,上市,資訊服務業,2001/9/17,股票,4
2471,資通,上市,資訊服務業,2001/9/17,股票,4
2472,立隆電,上市,電子零組件業,2001/9/17,股票,4
2474,可成,上市,其他電子業,2001/9/17,股票,4
2476,鉅祥,上市,電子零組件業,2001/9/17,股票,4
2477,美隆電,上市,其他電子業,2001/9/17,股票,4
2478,大毅,上市,電子零組件業,2001/9/17,股票,4
2480,敦陽科,上市,資訊服務業,2001/9/17,股票,4
2481,強茂,上市,半導體業,2001/9/17,股票,4
2482,連宇,上市,其他電子業,2001/9/17,股票,4
2483,百容,上市,電子零組件業,2001/9/17,股票,4
2484,希華,上市,電子零組件業,2001/9/17,股票,4
2485,兆赫,上市,通信網路業,2001/9/17,股票,4
2486,一詮,上市,光電業,2001/9/19,股票,4
2488,漢平,上市,其他電子業,2001/9/17,股票,4
2489,瑞軒,上市,光電業,2001/9/17,股票,4
2491,吉祥全,上市,光電業,2001/9/17,股票,4
2492,華新科,上市,電子零組件業,2001/9/17,股票,4
2493,揚博,上市,電子零組件業,2002/1/23,股票,4
2495,普安,上市,電腦及週邊設備業,2002/3/25,股票,4
2496,卓越,上市,其他業,2002/3/8,股票,4
2497,怡利電,上市,汽車工業,2002/2/4,股票,4
2498,宏達電,上市,通信網路業,2002/3/26,股票,4
2501,國建,上市,建材營造業,1967/10/28,股票,4
2504,國產,上市,建材營造業,1978/3/14,股票,4
2505,國揚,上市,建材營造業,1979/11/14,股票,4
2506,太設,上市,建材營造業,1980/2/2,股票,4
2509,全坤建,上市,建材營造業,1988/5/20,股票,4
2511,太子,上市,建材營造業,1991/4/24,股票,4
2514,龍邦,上市,其他業,1992/9/26,股票,4
2515,中工,上市,建材營造業,1993/3/2,股票,4
2516,新建,上市,建材營造業,1993/5/25,股票,4
2520,冠德,上市,建材營造業,1993/10/27,股票,4
2524,京城,上市,建材營造業,1994/10/18,股票,4
2527,宏璟,上市,建材營造業,1995/3/6,股票,4
2528,皇普,上市,建材營造業,1995/3/10,股票,4
2530,華建,上市,建材營造業,1995/10/12,股票,4
2534,宏盛,上市,建材營造業,1996/2/12,股票,4
2535,達欣工,上市,建材營造業,1996/3/11,股票,4
2536,宏普,上市,建材營造業,1996/3/14,股票,4
2537,聯上發,上市,建材營造業,1996/9/6,股票,4
2538,基泰,上市,建材營造業,1996/11/1,股票,4
2539,櫻花建,上市,建材營造業,1997/7/16,股票,4
2540,愛山林,上市,建材營造業,1989/12/26,股票,4
2542,興富發,上市,建材營造業,1999/5/3,股票,4
2543,皇昌,上市,建材營造業,1999/10/15,股票,4
2545,皇翔,上市,建材營造業,2000/9/11,股票,4
2546,根基,上市,建材營造業,2000/9/11,股票,4
2547,日勝生,上市,建材營造業,2000/12/22,股票,4
2548,華固,上市,建材營造業,2002/8/26,股票,4
2597,潤弘,上市,建材營造業,2010/3/26,股票,4
2601,益航,上市,貿易百貨業,1965/11/4,股票,4
2603,長榮,上市,航運業,1987/9/21,股票,4
2605,新興,上市,航運業,1989/12/8,股票,4
2606,裕民,上市,航運業,1990/12/8,股票,4
2607,榮運,上市,航運業,1990/12/14,股票,4
2608,嘉里大榮,上市,航運業,1990/12/20,股票,4
2609,陽明,上市,航運業,1992/4/20,股票,4
2610,華航,上市,航運業,1993/2/26,股票,4
2611,志信,上市,航運業,1993/10/28,股票,4
2612,中航,上市,航運業,1994/10/20,股票,4
2613,中櫃,上市,航運業,1995/1/20,股票,4
2614,東森,上市,其他業,1995/9/23,股票,4
2615,萬海,上市,航運業,1996/5/16,股票,4
2616,山隆,上市,油電燃氣業,1997/11/8,股票,4
2617,台航,上市,航運業,1998/6/24,股票,4
2618,長榮航,上市,航運業,2001/9/17,股票,4
2630,亞航,上市,航運業,2018/2/22,股票,4
2633,台灣高鐵,上市,航運業,2016/10/27,股票,4
2634,漢翔,上市,航運業,2014/8/25,股票,4
2636,台驊控股,上市,航運業,2016/12/22,股票,4
2637,慧洋-KY,上市,航運業,2010/12/1,股票,4
2642,宅配通,上市,航運業,2013/12/12,股票,4
2645,長榮航太,上市,航運業,2023/3/14,股票,4
2646,星宇航空,上市,航運業,2024/10/25,股票,4
2701,萬企,上市,觀光餐旅,1965/3/22,股票,4
2702,華園,上市,觀光餐旅,1965/2/14,股票,4
2704,國賓,上市,觀光餐旅,1982/11/10,股票,4
2705,六福,上市,觀光餐旅,1988/12/24,股票,4
2706,第一店,上市,觀光餐旅,1991/6/25,股票,4
2707,晶華,上市,觀光餐旅,1998/3/9,股票,4
2712,遠雄來,上市,觀光餐旅,2013/12/3,股票,4
2722,夏都,上市,觀光餐旅,2012/3/14,股票,4
2723,美食-KY,上市,觀光餐旅,2010/11/22,股票,4
2727,王品,上市,觀光餐旅,2012/3/6,股票,4
2731,雄獅,上市,觀光餐旅,2013/9/24,股票,4
2739,寒舍,上市,觀光餐旅,2016/5/19,股票,4
2748,雲品,上市,觀光餐旅,2016/11/23,股票,4
2753,八方雲集,上市,觀光餐旅,2021/9/9,股票,4
2762,世界健身-KY,上市,運動休閒,2024/1/24,股票,4
2801,彰銀,上市,金融保險業,1962/2/15,股票,4
2812,台中銀,上市,金融保險業,1984/5/15,股票,4
2816,旺旺保,上市,金融保險業,1992/5/5,股票,4
2820,華票,上市,金融保險業,1994/10/26,股票,4
2832,台產,上市,金融保險業,1997/9/30,股票,4
2834,臺企銀,上市,金融保險業,1998/1/3,股票,4
2836,高雄銀,上市,金融保險業,1998/5/18,股票,4
2838,聯邦銀,上市,金融保險業,1998/6/29,股票,4
2845,遠東銀,上市,金融保險業,1998/11/27,股票,4
2849,安泰銀,上市,金融保險業,1999/9/27,股票,4
2850,新產,上市,金融保險業,2000/5/22,股票,4
2851,中再保,上市,金融保險業,2000/7/6,股票,4
2852,第一保,上市,金融保險業,2000/11/28,股票,4
2855,統一證,上市,金融保險業,2002/9/16,股票,4
2867,三商壽,上市,金融保險業,2012/12/18,股票,4
2880,華南金,上市,金融保險業,2001/12/19,股票,4
2881,富邦金,上市,金融保險業,2001/12/19,股票,4
2882,國泰金,上市,金融保險業,2001/12/31,股票,4
2883,凱基金,上市,金融保險業,2001/12/28,股票,4
2884,玉山金,上市,金融保險業,2002/1/28,股票,4
2885,元大金,上市,金融保險業,2002/2/4,股票,4
2886,兆豐金,上市,金融保險業,2002/2/4,股票,4
2887,台新新光金,上市,金融保險業,2002/2/18,股票,4
2889,國票金,上市,金融保險業,2002/3/26,股票,4
2890,永豐金,上市,金融保險業,2002/5/9,股票,4
2891,中信金,上市,金融保險業,2002/5/17,股票,4
2892,第一金,上市,金融保險業,2003/1/2,股票,4
2897,王道銀行,上市,金融保險業,2017/5/5,股票,4
2901,欣欣,上市,貿易百貨業,1976/5/7,股票,4
2903,遠百,上市,貿易百貨業,1978/10/11,股票,4
2904,匯僑,上市,其他業,1983/1/5,股票,4
2905,三商,上市,貿易百貨業,1988/9/19,股票,4
2906,高林,上市,貿易百貨業,1989/12/26,股票,4
2908,特力,上市,貿易百貨業,1993/2/18,股票,4
2910,統領,上市,貿易百貨業,1996/12/30,股票,4
2911,麗嬰房,上市,貿易百貨業,1997/1/18,股票,4
2912,統一超,上市,貿易百貨業,1997/8/22,股票,4
2913,農林,上市,貿易百貨業,1962/2/9,股票,4
2915,潤泰全,上市,貿易百貨業,1977/7/20,股票,4
2923,鼎固-KY,上市,建材營造業,2012/12/7,股票,4
2929,淘帝-KY,上市,貿易百貨業,2013/12/30,股票,4
2939,永邑-KY,上市,貿易百貨業,2018/1/11,股票,4
2945,三商家購,上市,貿易百貨業,2021/11/30,股票,4
3002,歐格,上市,電腦及週邊設備業,2002/1/23,股票,4
3003,健和興,上市,電子零組件業,2002/2/19,股票,4
3004,豐達科,上市,鋼鐵工業,2002/2/25,股票,4
3005,神基,上市,電腦及週邊設備業,2002/2/25,股票,4
3006,晶豪科,上市,半導體業,2002/3/4,股票,4
3008,大立光,上市,光電業,2002/3/11,股票,4
3010,華立,上市,電子通路業,2002/7/22,股票,4
3011,今皓,上市,電子零組件業,2002/7/22,股票,4
3013,晟銘電,上市,電腦及週邊設備業,2002/9/16,股票,4
3014,聯陽,上市,半導體業,2002/10/29,股票,4
3015,全漢,上市,電子零組件業,2002/10/16,股票,4
3016,嘉晶,上市,半導體業,2002/12/24,股票,4
3017,奇鋐,上市,電腦及週邊設備業,2002/9/27,股票,4
3018,隆銘綠能,上市,其他電子業,2002/8/26,股票,4
3019,亞光,上市,光電業,2002/8/26,股票,4
3021,鴻名,上市,電子零組件業,2002/8/26,股票,4
3022,威強電,上市,電腦及週邊設備業,2002/8/26,股票,4
3023,信邦,上市,電子零組件業,2002/8/26,股票,4
3024,憶聲,上市,光電業,2002/8/26,股票,4
3025,星通,上市,通信網路業,2002/8/26,股票,4
3026,禾伸堂,上市,電子零組件業,2002/8/26,股票,4
3027,盛達,上市,通信網路業,2002/8/26,股票,4
3028,增你強,上市,電子通路業,2002/8/26,股票,4
3029,零壹,上市,資訊服務業,2002/8/26,股票,4
3030,德律,上市,其他電子業,2002/10/29,股票,4
3031,佰鴻,上市,光電業,2002/8/26,股票,4
3032,偉訓,上市,電子零組件業,2002/8/26,股票,4
3033,威健,上市,電子通路業,2002/8/26,股票,4
3034,聯詠,上市,半導體業,2002/8/26,股票,4
3035,智原,上市,半導體業,2002/8/26,股票,4
3036,文曄,上市,電子通路業,2002/8/26,股票,4
3037,欣興,上市,電子零組件業,2002/8/26,股票,4
3038,全台,上市,光電業,2002/8/26,股票,4
3040,遠見,上市,其他業,2002/8/26,股票,4
3041,揚智,上市,半導體業,2002/8/26,股票,4
3042,晶技,上市,電子零組件業,2002/8/26,股票,4
3043,科風,上市,其他電子業,2002/8/26,股票,4
3044,健鼎,上市,電子零組件業,2002/8/26,股票,4
3045,台灣大,上市,通信網路業,2002/8/26,股票,4
3046,建��,上市,電腦及週邊設備業,2002/8/26,股票,4
3047,訊舟,上市,通信網路業,2002/8/26,股票,4
3048,益登,上市,電子通路業,2002/10/1,股票,4
3049,精金,上市,光電業,2002/9/27,股票,4
3050,鈺德,上市,光電業,2002/10/29,股票,4
3051,力特,上市,光電業,2002/10/28,股票,4
3052,夆典,上市,建材營造業,1995/11/25,股票,4
3054,立萬利,上市,食品工業,2002/11/18,股票,4
3055,蔚華科,上市,電子通路業,2002/12/12,股票,4
3056,富華新,上市,建材營造業,2003/3/3,股票,4
3057,喬鼎,上市,電腦及週邊設備業,2002/12/18,股票,4
3058,立德,上市,電子零組件業,2002/12/9,股票,4
3059,華晶科,上市,光電業,2002/12/24,股票,4
3060,銘異,上市,電腦及週邊設備業,2003/4/21,股票,4
3062,建漢,上市,通信網路業,2003/7/28,股票,4
3090,日電貿,上市,電子零組件業,2007/12/31,股票,4
3092,鴻碩,上市,電子零組件業,2021/5/13,股票,4
3094,聯傑,上市,半導體業,2007/8/6,股票,4
3130,一零四,上市,數位雲端,2006/2/17,股票,4
3135,凌航,上市,半導體業,2025/8/6,股票,4
3138,耀登,上市,通信網路業,2020/12/11,股票,4
3149,正達,上市,光電業,2011/11/23,股票,4
3164,景岳,上市,生技醫療業,2010/3/22,股票,4
3167,大量,上市,電機機械,2013/10/21,股票,4
3168,眾福科,上市,光電業,2024/3/26,股票,4
3189,景碩,上市,半導體業,2004/11/1,股票,4
3209,全科,上市,電子通路業,2008/11/26,股票,4
3229,晟鈦,上市,電子零組件業,2009/12/31,股票,4
3231,緯創,上市,電腦及週邊設備業,2003/8/19,股票,4
3257,虹冠電,上市,半導體業,2011/3/21,股票,4
3266,昇陽,上市,建材營造業,2014/12/24,股票,4
3296,勝德,上市,電子零組件業,2007/12/31,股票,4
3305,昇貿,上市,其他電子業,2008/7/10,股票,4
3308,聯德,上市,電子零組件業,2008/3/12,股票,4
3311,閎暉,上市,通信網路業,2004/3/8,股票,4
3312,弘憶股,上市,電子通路業,2010/12/29,股票,4
3321,同泰,上市,電子零組件業,2015/12/15,股票,4
3338,泰碩,上市,電子零組件業,2013/12/13,股票,4
3346,麗清,上市,汽車工業,2016/12/19,股票,4
3356,奇偶,上市,光電業,2005/3/28,股票,4
3376,新日興,上市,電子零組件業,2007/12/31,股票,4
3380,明泰,上市,通信網路業,2004/12/20,股票,4
3406,玉晶光,上市,光電業,2005/12/20,股票,4
3413,京鼎,上市,半導體業,2015/7/28,股票,4
3416,融程電,上市,電腦及週邊設備業,2015/1/23,股票,4
3419,譁裕,上市,通信網路業,2008/1/21,股票,4
3432,台端,上市,電子零組件業,2010/12/30,股票,4
3437,榮創,上市,光電業,2014/7/9,股票,4
3443,創意,上市,半導體業,2006/11/3,股票,4
3447,展達,上市,通信網路業,2022/12/15,股票,4
3450,聯鈞,上市,半導體業,2006/4/12,股票,4
3481,群創,上市,光電業,2006/10/24,股票,4
3494,誠研,上市,電腦及週邊設備業,2007/12/13,股票,4
3501,維熹,上市,電子零組件業,2007/9/20,股票,4
3504,揚明光,上市,光電業,2007/1/26,股票,4
3515,華擎,上市,電腦及週邊設備業,2007/11/8,股票,4
3518,柏騰,上市,其他電子業,2007/11/28,股票,4
3528,安馳,上市,電子通路業,2016/5/18,股票,4
3530,晶相光,上市,半導體業,2018/7/16,股票,4
3532,台勝科,上市,半導體業,2007/12/10,股票,4
3533,嘉澤,上市,電子零組件業,2007/12/10,股票,4
3535,晶彩科,上市,光電業,2008/1/31,股票,4
3543,州巧,上市,光電業,2020/4/15,股票,4
3545,敦泰,上市,半導體業,2007/7/3,股票,4
3550,聯穎,上市,電子零組件業,2010/11/10,股票,4
3557,嘉威,上市,居家生活,2008/2/27,股票,4
3563,牧德,上市,光電業,2019/4/2,股票,4
3576,聯合再生,上市,光電業,2009/1/12,股票,4
3583,辛耘,上市,半導體業,2013/3/12,股票,4
3588,通嘉,上市,半導體業,2009/8/14,股票,4
3591,艾笛森,上市,光電業,2010/11/12,股票,4
3592,瑞鼎,上市,半導體業,2022/1/7,股票,4
3593,力銘,上市,電子零組件業,2009/3/16,股票,4
3596,智易,上市,通信網路業,2009/3/11,股票,4
3605,宏致,上市,電子零組件業,2009/3/26,股票,4
3607,谷崧,上市,電子零組件業,2009/10/28,股票,4
3617,碩天,上市,其他電子業,2009/12/23,股票,4
3622,洋華,上市,光電業,2009/3/25,股票,4
3645,達邁,上市,電子零組件業,2011/10/5,股票,4
3652,精聯,上市,電腦及週邊設備業,2022/9/21,股票,4
3653,健策,上市,電子零組件業,2009/11/18,股票,4
3661,世芯-KY,上市,半導體業,2014/10/28,股票,4
3665,貿聯-KY,上市,其他電子業,2011/4/21,股票,4
3669,圓展,上市,通信網路業,2011/8/25,股票,4
3673,TPK-KY,上市,光電業,2010/10/29,股票,4
3679,新至陞,上市,電子零組件業,2011/10/5,股票,4
3686,達能,上市,半導體業,2010/7/20,股票,4
3694,海華,上市,通信網路業,2011/5/3,股票,4
3701,大眾控,上市,電腦及週邊設備業,2004/8/30,股票,4
3702,大聯大,上市,電子通路業,2005/11/9,股票,4
3703,欣陸,上市,建材營造業,2010/4/8,股票,4
3704,合勤控,上市,通信網路業,2010/8/16,股票,4
3705,永信,上市,生技醫療業,2011/1/3,股票,4
3706,神達,上市,電腦及週邊設備業,2013/9/12,股票,4
3708,上緯投控,上市,綠能環保,2016/8/31,股票,4
3711,日月光投控,上市,半導體業,2018/4/30,股票,4
3712,永崴投控,上市,電腦及週邊設備業,2018/10/1,股票,4
3714,富采,上市,光電業,2021/1/6,股票,4
3715,定穎投控,上市,電子零組件業,2022/8/25,股票,4
3716,中化控股,上市,生技醫療業,2024/9/2,股票,4
3717,聯嘉投控,上市,汽車工業,2018/5/9,股票,4
4104,佳醫,上市,生技醫療業,2007/12/31,股票,4
4106,雃博,上市,生技醫療業,2004/11/8,股票,4
4108,懷特,上市,生技醫療業,2008/7/16,股票,4
4119,旭富,上市,生技醫療業,2004/1/7,股票,4
4133,亞諾法,上市,生技醫療業,2009/12/28,股票,4
4137,麗豐-KY,上市,生技醫療業,2013/11/27,股票,4
4142,國光生,上市,生技醫療業,2012/5/3,股票,4
4148,全宇生技-KY,上市,生技醫療業,2017/6/8,股票,4
4155,訊映,上市,生技醫療業,2017/12/5,股票,4
4164,承業醫,上市,生技醫療業,2012/10/24,股票,4
4169,泰宗,上市,生技醫療業,2026/4/8,股票,4
4178,永笙-KY,上市,生技醫療業,2026/4/30,股票,4
4190,佐登-KY,上市,生技醫療業,2015/10/21,股票,4
4306,炎洲,上市,塑膠工業,2008/1/21,股票,4
4414,如興,上市,紡織纖維,2004/9/6,股票,4
4426,利勤,上市,紡織纖維,2011/12/16,股票,4
4438,廣越,上市,紡織纖維,2016/10/18,股票,4
4439,冠星-KY,上市,紡織纖維,2019/12/5,股票,4
4440,宜新實業,上市,紡織纖維,2021/10/25,股票,4
4441,振大環球,上市,紡織纖維,2025/9/9,股票,4
4526,東台,上市,電機機械,2003/9/15,股票,4
4532,瑞智,上市,電機機械,2003/8/4,股票,4
4536,拓凱,上市,運動休閒,2013/10/9,股票,4
4540,全球傳動,上市,電機機械,2018/8/15,股票,4
4545,銘鈺,上市,電子零組件業,2016/1/6,股票,4
4551,智伸科,上市,汽車工業,2015/8/10,股票,4
4552,力達-KY,上市,電機機械,2016/7/20,股票,4
4555,氣立,上市,電機機械,2015/10/27,股票,4
4557,永新-KY,上市,汽車工業,2015/10/12,股票,4
4560,強信-KY,上市,電機機械,2017/5/26,股票,4
4562,穎漢,上市,電機機械,2017/8/21,股票,4
4564,元翎,上市,電機機械,2019/3/7,股票,4
4566,時碩工業,上市,電機機械,2018/2/5,股票,4
4569,六方科-KY,上市,汽車工業,2023/7/31,股票,4
4571,鈞興-KY,上市,電機機械,2019/9/17,股票,4
4572,駐龍,上市,電機機械,2019/9/10,股票,4
4576,大銀微系統,上市,電機機械,2019/9/4,股票,4
4581,光隆精密-KY,上市,汽車工業,2020/3/9,股票,4
4583,台灣精銳,上市,電機機械,2022/5/9,股票,4
4585,達明,上市,其他電子業,2025/9/26,股票,4
4588,玖鼎電力,上市,其他電子業,2024/1/29,股票,4
4720,德淵,上市,化學工業,2015/6/24,股票,4
4722,國精化,上市,化學工業,2012/8/15,股票,4
4736,泰博,上市,生技醫療業,2023/12/22,股票,4
4737,華廣,上市,生技醫療業,2010/12/23,股票,4
4739,康普,上市,化學工業,2017/9/8,股票,4
4746,台耀,上市,生技醫療業,2011/3/1,股票,4
4755,三福化,上市,化學工業,2013/11/27,股票,4
4763,材料*-KY,上市,化學工業,2015/11/9,股票,4
4764,雙鍵,上市,化學工業,2018/1/4,股票,4
4766,南寶,上市,化學工業,2018/11/28,股票,4
4770,上品,上市,化學工業,2021/12/22,股票,4
4771,望隼,上市,生技醫療業,2024/3/18,股票,4
4807,日成-KY,上市,貿易百貨業,2017/6/26,股票,4
4904,遠傳,上市,通信網路業,2005/8/24,股票,4
4906,正文,上市,通信網路業,2003/6/30,股票,4
4912,聯德控股-KY,上市,電子零組件業,2015/5/21,股票,4
4915,致伸,上市,電子零組件業,2012/10/5,股票,4
4916,事欣科,上市,電腦及週邊設備業,2013/11/21,股票,4
4919,新唐,上市,半導體業,2010/9/27,股票,4
4927,泰鼎-KY,上市,電子零組件業,2015/9/8,股票,4
4930,燦星網,上市,電器電纜,2010/6/21,股票,4
4934,太極,上市,光電業,2010/3/10,股票,4
4935,茂林-KY,上市,光電業,2011/7/28,股票,4
4938,和碩,上市,電腦及週邊設備業,2010/6/24,股票,4
4942,嘉彰,上市,光電業,2011/6/27,股票,4
4943,康控-KY,上市,電子零組件業,2016/11/11,股票,4
4949,有成精密,上市,光電業,2024/5/9,股票,4
4952,凌通,上市,半導體業,2011/11/1,股票,4
4956,光鋐,上市,光電業,2011/10/24,股票,4
4958,臻鼎-KY,上市,電子零組件業,2011/12/26,股票,4
4960,誠美材,上市,光電業,2011/10/24,股票,4
4961,天鈺,上市,半導體業,2018/10/17,股票,4
4967,十銓,上市,半導體業,2019/1/14,股票,4
4968,立積,上市,半導體業,2015/11/13,股票,4
4976,佳凌,上市,光電業,2012/11/20,股票,4
4977,眾達-KY,上市,通信網路業,2013/11/20,股票,4
4989,榮科,上市,電子零組件業,2018/6/28,股票,4
4994,傳奇,上市,資訊服務業,2013/12/25,股票,4
4999,鑫禾,上市,電子零組件業,2013/6/3,股票,4
5007,三星,上市,鋼鐵工業,2011/9/16,股票,4
5203,訊連,上市,資訊服務業,2004/9/27,股票,4
5215,科嘉-KY,上市,電腦及週邊設備業,2011/12/26,股票,4
5222,全訊,上市,半導體業,2021/10/25,股票,4
5225,東科-KY,上市,其他電子業,2012/11/5,股票,4
5234,達興材料,上市,光電業,2012/7/16,股票,4
5243,乙盛-KY,上市,光電業,2013/11/25,股票,4
5244,弘凱,上市,光電業,2022/1/19,股票,4
5258,虹堡,上市,電腦及週邊設備業,2016/12/30,股票,4
5269,祥碩,上市,半導體業,2012/12/12,股票,4
5283,禾聯碩,上市,電器電纜,2019/5/24,股票,4
5284,jpp-KY,上市,其他業,2017/3/9,股票,4
5285,界霖,上市,半導體業,2014/2/25,股票,4
5288,豐祥-KY,上市,電機機械,2014/9/25,股票,4
5292,華懋,上市,綠能環保,2020/1/7,股票,4
5306,桂盟,上市,運動休閒,2022/3/8,股票,4
5388,中磊,上市,通信網路業,2007/12/3,股票,4
5434,崇越,上市,電子通路業,2003/8/25,股票,4
5469,瀚宇博,上市,電子零組件業,2003/8/25,股票,4
5471,松翰,上市,半導體業,2003/8/25,股票,4
5484,慧友,上市,光電業,2003/8/25,股票,4
5515,建國,上市,建材營造業,2003/10/6,股票,4
5519,隆大,上市,建材營造業,2014/2/10,股票,4
5521,工信,上市,建材營造業,2012/12/18,股票,4
5522,遠雄,上市,建材營造業,2007/8/6,股票,4
5525,順天,上市,建材營造業,2004/11/26,股票,4
5531,鄉林,上市,建材營造業,2005/1/31,股票,4
5533,皇鼎,上市,建材營造業,2008/4/30,股票,4
5534,長虹,上市,建材營造業,2004/5/24,股票,4
5538,東明-KY,上市,鋼鐵工業,2013/12/16,股票,4
5546,永固-KY,上市,建材營造業,2020/5/20,股票,4
5607,遠雄港,上市,航運業,2004/12/2,股票,4
5608,四維航,上市,航運業,2003/8/25,股票,4
5706,鳳凰,上市,觀光餐旅,2011/10/21,股票,4
5871,中租-KY,上市,其他業,2011/12/13,股票,4
5876,上海商銀,上市,金融保險業,2018/10/19,股票,4
5880,合庫金,上市,金融保險業,2011/12/1,股票,4
5906,台南-KY,上市,貿易百貨業,2011/10/24,股票,4
5907,大洋-KY,上市,貿易百貨業,2012/6/6,股票,4
6005,群益證,上市,金融保險業,2005/11/21,股票,4
6024,群益期,上市,金融保險業,2017/10/16,股票,4
6108,競國,上市,電子零組件業,2008/12/30,股票,4
6112,邁達特,上市,資訊服務業,2003/8/4,股票,4
6115,鎰勝,上市,電子零組件業,2004/7/19,股票,4
6116,彩晶,上市,光電業,2004/9/6,股票,4
6117,迎廣,上市,電腦及週邊設備業,2003/8/25,股票,4
6120,達運,上市,光電業,2006/9/13,股票,4
6128,上福,上市,電腦及週邊設備業,2003/6/16,股票,4
6133,金橋,上市,電子零組件業,2003/8/15,股票,4
6136,富爾特,上市,通信網路業,2003/8/25,股票,4
6139,亞翔,上市,其他電子業,2003/8/25,股票,4
6141,柏承,上市,電子零組件業,2003/10/22,股票,4
6142,友勁,上市,通信網路業,2003/8/4,股票,4
6152,百一,上市,通信網路業,2009/12/8,股票,4
6153,嘉聯益,上市,電子零組件業,2008/1/21,股票,4
6155,鈞寶,上市,電子零組件業,2006/8/18,股票,4
6164,華興,上市,光電業,2008/10/21,股票,4
6165,浪凡,上市,數位雲端,2003/8/4,股票,4
6166,凌華,上市,電腦及週邊設備業,2004/11/8,股票,4
6168,宏齊,上市,光電業,2003/8/25,股票,4
6176,瑞儀,上市,光電業,2007/5/15,股票,4
6177,達麗,上市,建材營造業,2013/8/1,股票,4
6183,關貿,上市,資訊服務業,2011/12/1,股票,4
6184,大豐電,上市,其他業,2005/2/15,股票,4
6189,豐藝,上市,電子通路業,2004/5/24,股票,4
6191,精成科,上市,電子零組件業,2007/10/19,股票,4
6192,巨路,上市,其他電子業,2004/9/27,股票,4
6196,帆宣,上市,其他電子業,2004/5/24,股票,4
6197,佳必琪,上市,電子零組件業,2004/11/8,股票,4
6201,亞弘電,上市,其他電子業,2004/9/27,股票,4
6202,盛群,上市,半導體業,2004/9/27,股票,4
6205,詮欣,上市,電子零組件業,2008/1/21,股票,4
6206,飛捷,上市,電腦及週邊設備業,2004/8/3,股票,4
6209,今國光,上市,光電業,2004/11/8,股票,4
6213,聯茂,上市,電子零組件業,2008/1/21,股票,4
6214,精誠,上市,資訊服務業,2010/12/30,股票,4
6215,和椿,上市,其他電子業,2007/12/31,股票,4
6216,居易,上市,通信網路業,2004/9/27,股票,4
6224,聚鼎,上市,電子零組件業,2009/9/17,股票,4
6225,天瀚,上市,光電業,2004/9/27,股票,4
6226,光鼎,上市,光電業,2008/11/10,股票,4
6230,尼得科超眾,上市,電腦及週邊設備業,2010/9/16,股票,4
6235,華孚,上市,電腦及週邊設備業,2004/8/23,股票,4
6239,力成,上市,半導體業,2004/11/8,股票,4
6243,迅杰,上市,半導體業,2009/12/17,股票,4
6257,矽格,上市,半導體業,2003/8/25,股票,4
6269,台郡,上市,電子零組件業,2003/9/23,股票,4
6271,同欣電,上市,半導體業,2007/11/16,股票,4
6272,驊陞,上市,電子零組件業,2025/12/22,股票,4
6277,宏正,上市,電腦及週邊設備業,2003/10/30,股票,4
6278,台表科,上市,光電業,2010/8/24,股票,4
6281,全國電,上市,電子通路業,2005/12/8,股票,4
6282,康舒,上市,電子零組件業,2003/9/8,股票,4
6283,淳安,上市,其他電子業,2008/1/21,股票,4
6285,啟��,上市,通信網路業,2003/9/22,股票,4
6405,悅城,上市,光電業,2013/11/28,股票,4
6409,旭隼,上市,其他電子業,2014/3/31,股票,4
6412,群電,上市,電子零組件業,2013/11/8,股票,4
6414,樺漢,上市,電腦及週邊設備業,2014/3/28,股票,4
6415,矽力*-KY,上市,半導體業,2013/12/12,股票,4
6416,瑞祺電通,上市,通信網路業,2018/4/16,股票,4
6426,統新,上市,通信網路業,2021/3/24,股票,4
6431,光麗-KY,上市,生技醫療業,2014/12/4,股票,4
6438,迅得,上市,其他電子業,2021/1/19,股票,4
6442,光聖,上市,通信網路業,2015/7/14,股票,4
6443,元晶,上市,光電業,2015/10/1,股票,4
6446,藥華藥,上市,生技醫療業,2024/1/25,股票,4
6449,鈺邦,上市,電子零組件業,2014/12/9,股票,4
6451,訊芯-KY,上市,半導體業,2015/1/26,股票,4
6456,GIS-KY,上市,光電業,2015/6/12,股票,4
6464,台數科,上市,其他業,2015/12/16,股票,4
6472,保瑞,上市,生技醫療業,2023/12/19,股票,4
6477,安集,上市,光電業,2016/6/21,股票,4
6491,晶碩,上市,生技醫療業,2019/10/7,股票,4
6504,南六,上市,其他業,2013/5/7,股票,4
6505,台塑化,上市,油電燃氣業,2003/12/26,股票,4
6515,穎崴,上市,半導體業,2021/1/20,股票,4
6525,捷敏-KY,上市,半導體業,2016/4/12,股票,4
6526,達發,上市,半導體業,2023/10/19,股票,4
6531,愛普*,上市,半導體業,2016/5/31,股票,4
6533,晶心科,上市,半導體業,2017/3/14,股票,4
6541,泰福-KY,上市,生技醫療業,2017/10/26,股票,4
6550,北極星藥業-KY,上市,生技醫療業,2022/6/6,股票,4
6552,易華電,上市,半導體業,2017/1/10,股票,4
6558,興能高,上市,其他電子業,2018/12/5,股票,4
6573,虹揚-KY,上市,半導體業,2017/9/26,股票,4
6579,研揚,上市,電腦及週邊設備業,2017/8/21,股票,4
6581,鋼聯,上市,綠能環保,2018/1/30,股票,4
6582,申豐,上市,橡膠工業,2017/6/14,股票,4
6585,鼎基,上市,其他業,2022/5/20,股票,4
6589,台康生技,上市,生技醫療業,2025/7/21,股票,4
6591,動力-KY,上市,電腦及週邊設備業,2017/12/28,股票,4
6592,和潤企業,上市,其他業,2019/12/9,股票,4
6598,ABC-KY,上市,生技醫療業,2020/6/9,股票,4
6605,帝寶,上市,汽車工業,2004/3/17,股票,4
6606,建德工業,上市,電機機械,2023/3/24,股票,4
6614,資拓宏宇,上市,數位雲端,2025/11/25,股票,4
6625,必應,上市,其他業,2018/2/7,股票,4
6641,基士德-KY,上市,綠能環保,2018/9/21,股票,4
6655,科定,上市,其他業,2018/11/28,股票,4
6657,華安,上市,生技醫療業,2023/6/12,股票,4
6658,聯策,上市,其他電子業,2023/11/2,股票,4
6666,羅麗芬-KY,上市,生技醫療業,2018/11/19,股票,4
6668,中揚光,上市,光電業,2018/12/12,股票,4
6669,緯穎,上市,電腦及週邊設備業,2019/3/27,股票,4
6670,復盛應用,上市,運動休閒,2018/12/18,股票,4
6671,三能-KY,上市,居家生活,2018/12/11,股票,4
6672,騰輝電子-KY,上市,電子零組件業,2019/4/17,股票,4
6674,鋐寶科技,上市,通信網路業,2018/11/28,股票,4
6689,伊雲谷,上市,數位雲端,2022/9/13,股票,4
6691,洋基工程,上市,其他電子業,2022/1/3,股票,4
6695,芯鼎,上市,半導體業,2022/11/4,股票,4
6698,旭暉應材,上市,其他電子業,2019/11/25,股票,4
6706,惠特,上市,光電業,2019/12/19,股票,4
6715,嘉基,上市,電子零組件業,2019/12/12,股票,4
6719,力智,上市,半導體業,2022/1/13,股票,4
6722,輝創,上市,其他電子業,2026/1/16,股票,4
6742,澤米,上市,光電業,2023/12/5,股票,4
6743,安普新,上市,其他電子業,2020/12/14,股票,4
6753,龍德造船,上市,航運業,2023/3/10,股票,4
6754,匯僑設計,上市,居家生活,2020/8/25,股票,4
6756,威鋒電子,上市,半導體業,2020/12/24,股票,4
6757,台灣虎航,上市,航運業,2024/11/29,股票,4
6768,志強-KY,上市,運動休閒,2021/4/22,股票,4
6770,力積電,上市,半導體業,2021/12/6,股票,4
6776,展�眥篕�,上市,電子通路業,2021/3/31,股票,4
6781,AES-KY,上市,電子零組件業,2021/3/22,股票,4
6782,視陽,上市,生技醫療業,2022/11/28,股票,4
6789,采鈺,上市,半導體業,2022/6/30,股票,4
6790,永豐實,上市,造紙工業,2021/9/29,股票,4
6792,詠業,上市,通信網路業,2021/12/8,股票,4
6794,向榮生技,上市,生技醫療業,2025/10/16,股票,4
6796,晉弘,上市,生技醫療業,2022/6/1,股票,4
6799,來頡,上市,半導體業,2022/5/12,股票,4
6805,富世達,上市,電子零組件業,2023/11/9,股票,4
6806,森崴能源,上市,綠能環保,2021/11/15,股票,4
6807,峰源-KY,上市,居家生活,2022/4/25,股票,4
6830,汎銓,上市,其他電子業,2022/8/31,股票,4
6831,邁科,上市,電腦及週邊設備業,2025/11/25,股票,4
6834,天二科技,上市,電子零組件業,2022/9/1,股票,4
6835,圓裕,上市,電子零組件業,2022/11/10,股票,4
6838,台新藥,上市,生技醫療業,2024/8/13,股票,4
6861,睿生光電,上市,生技醫療業,2023/3/27,股票,4
6862,三集瑞-KY,上市,電子零組件業,2024/10/23,股票,4
6863,永道-KY,上市,通信網路業,2023/3/21,股票,4
6869,雲豹能源,上市,綠能環保,2024/6/19,股票,4
6873,泓德能源,上市,綠能環保,2024/9/26,股票,4
6885,全福生技,上市,生技醫療業,2024/12/16,股票,4
6887,寶綠特-KY,上市,綠能環保,2025/3/10,股票,4
6890,來億-KY,上市,運動休閒,2024/6/12,股票,4
6901,鑽石投資,上市,其他業,2023/9/19,股票,4
6902,GOGOLOOK,上市,數位雲端,2025/5/16,股票,4
6906,現觀科,上市,數位雲端,2024/1/15,股票,4
6909,創控,上市,半導體業,2025/5/21,股票,4
6914,阜爾運通,上市,其他業,2024/5/3,股票,4
6916,華凌,上市,光電業,2023/12/5,股票,4
6918,愛派司,上市,生技醫療業,2025/6/10,股票,4
6919,康霈*,上市,生技醫療業,2024/10/2,股票,4
6923,中台,上市,綠能環保,2024/9/25,股票,4
6928,攸泰科技,上市,電腦及週邊設備業,2024/5/16,股票,4
6931,青松健康,上市,生技醫療業,2025/1/15,股票,4
6933,AMAX-KY,上市,電腦及週邊設備業,2023/11/8,股票,4
6934,心誠鎂,上市,生技醫療業,2026/2/2,股票,4
6936,永鴻生技,上市,生技醫療業,2025/4/28,股票,4
6937,天虹,上市,半導體業,2023/12/12,股票,4
6944,兆聯實業,上市,綠能環保,2025/5/28,股票,4
6952,大武山,上市,其他業,2024/6/13,股票,4
6957,裕慶-KY,上市,其他業,2024/6/25,股票,4
6958,日盛台駿,上市,其他業,2024/8/20,股票,4
6962,奕力-KY,上市,半導體業,2024/11/26,股票,4
6965,中傑-KY,上市,運動休閒,2025/3/7,股票,4
6994,富威電力,上市,綠能環保,2025/1/15,股票,4
7705,三商餐飲,上市,觀光餐旅,2024/11/26,股票,4
7711,永擎,上市,電腦及週邊設備業,2025/11/19,股票,4
7721,微程式,上市,數位雲端,2025/7/29,股票,4
7722,LINEPAY,上市,數位雲端,2024/12/5,股票,4
7732,金興精密,上市,汽車工業,2025/1/14,股票,4
7736,虎山,上市,汽車工業,2025/3/18,股票,4
7749,意騰-KY,上市,半導體業,2025/6/13,股票,4
7750,新代,上市,電機機械,2025/9/17,股票,4
7760,享溫馨,上市,觀光餐旅,2026/4/28,股票,4
7765,中華資安,上市,數位雲端,2025/9/8,股票,4
7769,鴻勁,上市,半導體業,2025/11/27,股票,4
7780,大研生醫*,上市,食品工業,2026/1/19,股票,4
7786,東方風能,上市,綠能環保,2025/11/18,股票,4
7788,松川精密,上市,電子零組件業,2025/10/16,股票,4
7791,皇家可口,上市,食品工業,2025/10/28,股票,4
7795,長廣,上市,電子零組件業,2026/1/16,股票,4
7799,禾榮科,上市,生技醫療業,2025/9/15,股票,4
7821,神數,上市,汽車工業,2026/4/20,股票,4
7822,倍利科,上市,半導體業,2026/3/30,股票,4
8011,台通,上市,通信網路業,2011/9/19,股票,4
8016,矽創,上市,半導體業,2003/12/25,股票,4
8021,尖點,上市,其他電子業,2008/1/21,股票,4
8028,昇陽半導體,上市,半導體業,2018/7/10,股票,4
8033,雷虎,上市,其他業,2007/6/21,股票,4
8039,台虹,上市,電子零組件業,2009/12/17,股票,4
8045,達運光電,上市,通信網路業,2024/12/11,股票,4
8046,南電,上市,電子零組件業,2006/4/7,股票,4
8070,長華*,上市,電子通路業,2007/12/31,股票,4
8072,陞泰,上市,電子通路業,2005/8/19,股票,4
8081,致新,上市,半導體業,2008/12/30,股票,4
8101,華冠,上市,通信網路業,2004/7/1,股票,4
8103,瀚荃,上市,電子零組件業,2009/9/29,股票,4
8104,錸寶,上市,光電業,2019/1/17,股票,4
8105,凌巨,上市,光電業,2006/12/27,股票,4
8110,華東,上市,半導體業,2007/10/31,股票,4
8112,至上,上市,電子通路業,2007/12/31,股票,4
8114,振樺電,上市,電腦及週邊設備業,2012/11/26,股票,4
8131,福懋科,上市,半導體業,2007/11/29,股票,4
8150,南茂,上市,半導體業,2014/4/11,股票,4
8163,達方,上市,電腦及週邊設備業,2007/11/28,股票,4
8201,無敵,上市,其他電子業,2007/10/29,股票,4
8210,勤誠,上市,電腦及週邊設備業,2011/12/1,股票,4
8213,志超,上市,電子零組件業,2009/12/25,股票,4
8215,明基材,上市,光電業,2010/11/12,股票,4
8222,寶一,上市,電機機械,2015/1/27,股票,4
8249,菱光,上市,電子零組件業,2005/5/17,股票,4
8261,富鼎,上市,半導體業,2009/12/11,股票,4
8271,宇瞻,上市,半導體業,2010/12/29,股票,4
8341,日友,上市,綠能環保,2015/3/23,股票,4
8367,建新國際,上市,航運業,2018/9/12,股票,4
8374,羅昇,上市,電機機械,2008/12/25,股票,4
8404,百和興業-KY,上市,其他業,2011/5/18,股票,4
8411,福貞-KY,上市,其他業,2011/11/1,股票,4
8422,可寧衛*,上市,綠能環保,2011/10/5,股票,4
8429,金麗-KY,上市,貿易百貨業,2012/12/20,股票,4
8438,昶昕,上市,綠能環保,2022/3/11,股票,4
8442,威宏-KY,上市,其他業,2016/11/8,股票,4
8443,阿瘦,上市,貿易百貨業,2014/9/15,股票,4
8454,富邦媒,上市,數位雲端,2014/12/19,股票,4
8462,柏文,上市,運動休閒,2019/3/15,股票,4
8463,潤泰材,上市,其他業,2015/7/13,股票,4
8464,億豐,上市,居家生活,2015/12/22,股票,4
8466,美吉吉-KY,上市,其他業,2016/11/1,股票,4
8467,波力-KY,上市,運動休閒,2015/12/15,股票,4
8473,山林水,上市,綠能環保,2016/9/8,股票,4
8476,台境*,上市,綠能環保,2023/10/31,股票,4
8478,東哥遊艇,上市,運動休閒,2017/12/11,股票,4
8481,政伸,上市,其他業,2017/2/24,股票,4
8482,商億-KY,上市,居家生活,2018/8/15,股票,4
8488,吉源-KY,上市,其他業,2016/12/13,股票,4
8499,鼎炫-KY,上市,其他電子業,2017/11/24,股票,4
8926,台汽電,上市,油電燃氣業,2003/8/25,股票,4
8940,新天地,上市,觀光餐旅,2009/5/15,股票,4
8996,高力,上市,電機機械,2014/2/14,股票,4
9802,鈺齊-KY,上市,運動休閒,2012/10/18,股票,4
9902,台火,上市,其他業,1964/7/14,股票,4
9904,寶成,上市,運動休閒,1990/1/19,股票,4
9905,大華,上市,其他業,1990/8/8,股票,4
9906,欣巴巴,上市,建材營造業,1990/12/15,股票,4
9907,統一實,上市,其他業,1991/1/29,股票,4
9908,大台北,上市,油電燃氣業,1991/2/6,股票,4
9910,豐泰,上市,運動休閒,1992/2/18,股票,4
9911,櫻花,上市,居家生活,1992/7/16,股票,4
9912,偉聯,上市,電腦及週邊設備業,1992/8/8,股票,4
9914,美利達,上市,運動休閒,1992/9/30,股票,4
9917,中保科,上市,其他業,1993/12/8,股票,4
9918,欣天然,上市,油電燃氣業,1994/4/26,股票,4
9919,康那香,上市,其他業,1994/11/4,股票,4
9921,巨大,上市,運動休閒,1994/12/29,股票,4
9924,福興,上市,居家生活,1995/3/15,股票,4
9925,新保,上市,其他業,1995/12/9,股票,4
9926,新海,上市,油電燃氣業,1998/4/8,股票,4
9927,泰銘,上市,其他業,1999/3/12,股票,4
9928,中視,上市,其他業,1999/8/9,股票,4
9929,秋雨,上市,其他業,1999/6/28,股票,4
9930,中聯資源,上市,綠能環保,1999/11/22,股票,4
9931,欣高,上市,油電燃氣業,2000/3/21,股票,4
9933,中鼎,上市,其他業,1993/5/28,股票,4
9934,成霖,上市,居家生活,2000/9/11,股票,4
9935,慶豐富,上市,居家生活,2000/9/11,股票,4
9937,全國,上市,油電燃氣業,2000/9/11,股票,4
9938,百和,上市,其他業,2001/1/12,股票,4
9939,宏全,上市,其他業,2001/3/2,股票,4
9940,信義,上市,其他業,2001/9/17,股票,4
9941,裕融,上市,其他業,2001/9/17,股票,4
9942,茂順,上市,其他業,2002/1/28,股票,4
9943,好樂迪,上市,觀光餐旅,2002/8/26,股票,4
9944,新麗,上市,其他業,2002/8/26,股票,4
9945,潤泰新,上市,其他業,1992/4/30,股票,4
9946,三發地產,上市,建材營造業,2013/9/17,股票,4
9955,佳龍,上市,綠能環保,2008/1/21,股票,4
9958,世紀鋼,上市,鋼鐵工業,2008/3/12,股票,4
1240,茂生農經,上櫃,農業科技業,2018/8/8,股票,4
1259,安心,上櫃,觀光餐旅,2011/12/15,股票,4
1264,德麥,上櫃,食品工業,2015/4/9,股票,4
1268,漢來美食,上櫃,觀光餐旅,2017/9/27,股票,4
1294,漢田生技,上櫃,食品工業,2024/9/26,股票,4
1295,生合,上櫃,食品工業,2025/5/27,股票,4
1336,台翰,上櫃,電子零組件業,2007/11/2,股票,4
1565,精華,上櫃,生技醫療業,2004/3/30,股票,4
1569,濱川,上櫃,電腦及週邊設備業,2005/7/29,股票,4
1570,力肯,上櫃,電機機械,2005/6/30,股票,4
1580,新麥,上櫃,電機機械,2007/12/10,股票,4
1584,精剛,上櫃,其他業,2007/11/28,股票,4
1586,和勤,上櫃,電機機械,2012/1/9,股票,4
1591,駿吉-KY,上櫃,電機機械,2012/3/23,股票,4
1593,祺驊,上櫃,運動休閒,2012/6/13,股票,4
1595,川寶,上櫃,電子零組件業,2011/10/4,股票,4
1599,宏佳騰,上櫃,電機機械,2012/12/25,股票,4
1742,台蠟,上櫃,化學工業,2004/5/14,股票,4
1777,生泰,上櫃,生技醫療業,2005/10/19,股票,4
1781,合世,上櫃,生技醫療業,2004/12/24,股票,4
1784,訊聯,上櫃,生技醫療業,2007/7/26,股票,4
1785,光洋科,上櫃,其他電子業,2005/1/31,股票,4
1788,杏昌,上櫃,生技醫療業,2009/7/20,股票,4
1796,金穎生技,上櫃,食品工業,2018/1/22,股票,4
1799,易威,上櫃,生技醫療業,2008/11/10,股票,4
1813,寶利徠,上櫃,生技醫療業,2009/8/4,股票,4
1815,富喬,上櫃,電子零組件業,2006/1/23,股票,4
2035,唐榮,上櫃,鋼鐵工業,2006/7/7,股票,4
2061,風青,上櫃,電器電纜,2010/12/9,股票,4
2063,世鎧,上櫃,鋼鐵工業,2010/9/7,股票,4
2064,晉椿,上櫃,鋼鐵工業,2014/12/26,股票,4
2065,世豐,上櫃,鋼鐵工業,2017/4/21,股票,4
2066,世德,上櫃,電機機械,2013/9/24,股票,4
2067,嘉鋼,上櫃,電機機械,2014/5/26,股票,4
2070,精湛,上櫃,電機機械,2018/12/17,股票,4
2073,雄順,上櫃,鋼鐵工業,2023/6/21,股票,4
2221,大甲,上櫃,其他業,2007/8/1,股票,4
2230,泰茂,上櫃,電機機械,2013/4/18,股票,4
2235,謚源,上櫃,電機機械,2014/12/15,股票,4
2596,綠意,上櫃,建材營造業,2009/6/1,股票,4
2640,大車隊,上櫃,數位雲端,2012/11/7,股票,4
2641,正德,上櫃,航運業,2014/10/9,股票,4
2643,捷迅,上櫃,航運業,2016/3/4,股票,4
2718,全心投控,上櫃,建材營造業,2011/3/29,股票,4
2719,燦星旅,上櫃,觀光餐旅,2012/2/24,股票,4
2724,藝舍-KY,上櫃,其他業,2012/5/29,股票,4
2726,雅茗-KY,上櫃,觀光餐旅,2014/12/24,股票,4
2729,瓦城,上櫃,觀光餐旅,2012/9/17,股票,4
2732,六角,上櫃,觀光餐旅,2015/1/20,股票,4
2734,易飛網,上櫃,觀光餐旅,2013/12/26,股票,4
2736,富野,上櫃,觀光餐旅,2016/1/6,股票,4
2740,華軒,上櫃,觀光餐旅,2015/12/24,股票,4
2743,山富,上櫃,觀光餐旅,2020/3/9,股票,4
2745,五福,上櫃,觀光餐旅,2018/4/16,股票,4
2751,王座,上櫃,觀光餐旅,2024/9/10,股票,4
2752,豆府,上櫃,觀光餐旅,2019/9/25,股票,4
2754,亞洲藏壽司,上櫃,觀光餐旅,2020/9/17,股票,4
2755,揚秦,上櫃,觀光餐旅,2020/12/16,股票,4
2756,聯發國際,上櫃,觀光餐旅,2022/1/14,股票,4
2916,滿心,上櫃,居家生活,2005/3/10,股票,4
2924,宏太-KY,上櫃,居家生活,2011/12/2,股票,4
2926,誠品生活,上櫃,文化創意業,2013/1/30,股票,4
2937,集雅社,上櫃,居家生活,2017/6/8,股票,4
2941,米斯特,上櫃,居家生活,2024/3/20,股票,4
2947,振宇五金,上櫃,居家生活,2021/10/6,股票,4
2948,寶陞,上櫃,居家生活,2023/12/12,股票,4
2949,欣新網,上櫃,數位雲端,2023/12/15,股票,4
3064,泰偉,上櫃,文化創意業,2004/6/9,股票,4
3066,李洲,上櫃,光電業,2004/12/2,股票,4
3067,全域,上櫃,其他電子業,2003/10/21,股票,4
3071,協禧,上櫃,電腦及週邊設備業,2004/12/30,股票,4
3073,天方能源,上櫃,綠能環保,2007/10/8,股票,4
3078,僑威,上櫃,電子零組件業,2005/1/31,股票,4
3081,聯亞,上櫃,通信網路業,2015/7/22,股票,4
3083,網龍,上櫃,文化創意業,2003/12/2,股票,4
3085,新零售,上櫃,數位雲端,2004/3/1,股票,4
3086,華義*,上櫃,文化創意業,2004/3/29,股票,4
3088,艾訊,上櫃,電腦及週邊設備業,2005/4/28,股票,4
3093,港建*,上櫃,其他電子業,2005/6/17,股票,4
3095,及成,上櫃,通信網路業,2005/5/26,股票,4
3105,穩懋,上櫃,半導體業,2011/12/13,股票,4
3114,好德,上櫃,電子零組件業,2004/3/25,股票,4
3115,富榮綱,上櫃,電子零組件業,2005/4/8,股票,4
3118,進階,上櫃,生技醫療業,2008/5/21,股票,4
3122,笙泉,上櫃,半導體業,2015/1/26,股票,4
3128,昇銳,上櫃,光電業,2006/9/4,股票,4
3131,弘塑,上櫃,其他電子業,2011/1/17,股票,4
3141,晶宏,上櫃,半導體業,2014/3/14,股票,4
3147,大綜,上櫃,資訊服務業,2018/5/29,股票,4
3152,璟德,上櫃,通信網路業,2008/3/24,股票,4
3158,嘉實,上櫃,資訊服務業,2025/11/17,股票,4
3162,精確,上櫃,電機機械,2005/10/3,股票,4
3163,波若威,上櫃,通信網路業,2012/12/3,股票,4
3169,亞信,上櫃,半導體業,2009/11/24,股票,4
3171,炎洲流通,上櫃,居家生活,2004/9/17,股票,4
3176,基亞,上櫃,生技醫療業,2011/11/23,股票,4
3178,公準,上櫃,半導體業,2018/11/19,股票,4
3188,鑫龍騰,上櫃,建材營造業,2004/3/17,股票,4
3191,雲嘉南,上櫃,電子零組件業,2005/4/12,股票,4
3205,佰研,上櫃,生技醫療業,2005/9/12,股票,4
3206,志豐,上櫃,電子零組件業,2007/2/8,股票,4
3207,耀勝,上櫃,電子零組件業,2004/11/4,股票,4
3211,順達,上櫃,電腦及週邊設備業,2004/11/8,股票,4
3213,茂訊,上櫃,電腦及週邊設備業,2004/10/1,股票,4
3217,優群,上櫃,電子零組件業,2004/4/30,股票,4
3218,大學光,上櫃,生技醫療業,2004/11/29,股票,4
3219,倚強科,上櫃,其他電子業,2004/3/19,股票,4
3221,台嘉碩,上櫃,通信網路業,2006/2/22,股票,4
3224,三顧,上櫃,電子通路業,2004/6/3,股票,4
3226,龍鋒,上櫃,電機機械,2004/6/16,股票,4
3227,原相,上櫃,半導體業,2006/5/4,股票,4
3228,金麗科,上櫃,半導體業,2005/3/2,股票,4
3230,錦明,上櫃,光電業,2006/9/25,股票,4
3232,昱捷,上櫃,電子通路業,2004/11/1,股票,4
3234,光環,上櫃,通信網路業,2011/3/24,股票,4
3236,千如,上櫃,電子零組件業,2004/12/2,股票,4
3252,海灣,上櫃,觀光餐旅,2004/9/23,股票,4
3259,鑫創,上櫃,半導體業,2007/12/24,股票,4
3260,威剛,上櫃,半導體業,2004/10/8,股票,4
3264,欣銓,上櫃,半導體業,2005/1/5,股票,4
3265,台星科,上櫃,半導體業,2005/8/2,股票,4
3268,海德威,上櫃,半導體業,2005/1/27,股票,4
3272,東碩,上櫃,電腦及週邊設備業,2014/8/26,股票,4
3276,宇環,上櫃,電子零組件業,2005/1/12,股票,4
3284,太普高,上櫃,其他業,2005/3/22,股票,4
3285,微端,上櫃,其他電子業,2012/7/23,股票,4
3287,廣寰科,上櫃,電腦及週邊設備業,2008/1/28,股票,4
3288,點晶,上櫃,電子零組件業,2005/4/15,股票,4
3289,宜特,上櫃,其他電子業,2004/12/28,股票,4
3290,東浦,上櫃,電子零組件業,2005/5/19,股票,4
3293,鈊象,上櫃,文化創意業,2006/7/12,股票,4
3294,英濟,上櫃,電子零組件業,2007/4/27,股票,4
3297,杭特,上櫃,光電業,2005/6/7,股票,4
3303,岱稜,上櫃,其他電子業,2007/5/28,股票,4
3306,鼎天,上櫃,通信網路業,2005/7/5,股票,4
3310,佳穎,上櫃,電子零組件業,2008/6/27,股票,4
3313,斐成,上櫃,其他業,2006/5/29,股票,4
3317,尼克森,上櫃,半導體業,2007/8/9,股票,4
3322,建舜電,上櫃,電子零組件業,2009/5/20,股票,4
3323,加百裕,上櫃,電腦及週邊設備業,2007/6/25,股票,4
3324,雙鴻,上櫃,其他電子業,2005/5/13,股票,4
3325,旭品,上櫃,電腦及週邊設備業,2005/8/15,股票,4
3332,幸康,上櫃,電子零組件業,2008/1/24,股票,4
3339,泰谷,上櫃,光電業,2006/6/27,股票,4
3349,寶德,上櫃,電腦及週邊設備業,2022/3/23,股票,4
3354,律勝,上櫃,電子零組件業,2005/12/8,股票,4
3357,臺慶科,上櫃,電子零組件業,2021/4/27,股票,4
3360,尚立,上櫃,電子通路業,2006/6/6,股票,4
3362,先進光,上櫃,光電業,2005/9/6,股票,4
3363,上詮,上櫃,通信網路業,2011/2/25,股票,4
3372,典範,上櫃,半導體業,2005/12/16,股票,4
3373,熱映,上櫃,其他電子業,2007/12/13,股票,4
3374,精材,上櫃,半導體業,2015/3/30,股票,4
3379,彬台,上櫃,電機機械,2011/10/20,股票,4
3388,崇越電,上櫃,電子零組件業,2006/2/22,股票,4
3390,旭軟,上櫃,電子零組件業,2006/2/22,股票,4
3402,漢科,上櫃,其他電子業,2007/1/9,股票,4
3426,台興,上櫃,電機機械,2016/12/21,股票,4
3430,奇鈦科,上櫃,化學工業,2022/9/8,股票,4
3434,哲固,上櫃,光電業,2008/1/28,股票,4
3438,類比科,上櫃,半導體業,2006/7/19,股票,4
3441,聯一光,上櫃,光電業,2010/10/4,股票,4
3444,利機,上櫃,電子通路業,2008/9/26,股票,4
3455,由田,上櫃,光電業,2007/12/27,股票,4
3465,進泰電子,上櫃,其他電子業,2008/1/28,股票,4
3466,德晉,上櫃,通信網路業,2006/5/17,股票,4
3467,台灣精材,上櫃,半導體業,2025/3/25,股票,4
3479,安勤,上櫃,電腦及週邊設備業,2010/6/8,股票,4
3483,力致,上櫃,電腦及週邊設備業,2006/12/18,股票,4
3484,崧騰,上櫃,電子零組件業,2007/11/9,股票,4
3489,森寶,上櫃,建材營造業,2007/9/29,股票,4
3490,單井,上櫃,光電業,2007/10/15,股票,4
3491,昇達科,上櫃,通信網路業,2008/1/3,股票,4
3492,長盛,上櫃,電子零組件業,2015/5/18,股票,4
3498,陽程,上櫃,其他電子業,2007/9/11,股票,4
3499,環天科,上櫃,通信網路業,2006/10/19,股票,4
3508,位速,上櫃,其他電子業,2007/10/17,股票,4
3511,矽瑪,上櫃,電子零組件業,2009/2/16,股票,4
3512,皇龍,上櫃,建材營造業,2007/7/25,股票,4
3516,亞帝歐,上櫃,光電業,2007/11/29,股票,4
3520,華盈,上櫃,電子零組件業,2007/10/12,股票,4
3521,台鋼建設,上櫃,建材營造業,2025/6/2,股票,4
3522,御嵿,上櫃,觀光餐旅,2007/10/15,股票,4
3523,迎輝,上櫃,光電業,2007/11/16,股票,4
3526,凡甲,上櫃,電子零組件業,2007/11/2,股票,4
3527,聚積,上櫃,半導體業,2007/10/29,股票,4
3529,力旺,上櫃,半導體業,2011/1/24,股票,4
3531,先益,上櫃,光電業,2008/4/8,股票,4
3537,堡達,上櫃,電子零組件業,2010/1/25,股票,4
3540,曜越,上櫃,電腦及週邊設備業,2007/12/12,股票,4
3541,西柏,上櫃,其他電子業,2009/12/22,股票,4
3546,宇峻,上櫃,文化創意業,2008/4/18,股票,4
3548,兆利,上櫃,電子零組件業,2008/3/27,股票,4
3551,世禾,上櫃,綠能環保,2008/4/15,股票,4
3552,同致,上櫃,其他電子業,2009/1/7,股票,4
3555,博士旺,上櫃,半導體業,2011/11/8,股票,4
3556,禾瑞亞,上櫃,半導體業,2008/4/15,股票,4
3558,神準,上櫃,通信網路業,2013/12/30,股票,4
3564,其陽,上櫃,通信網路業,2013/12/3,股票,4
3567,逸昌,上櫃,半導體業,2010/11/22,股票,4
3570,大塚,上櫃,資訊服務業,2008/10/23,股票,4
3577,泓格,上櫃,電腦及週邊設備業,2009/1/6,股票,4
3580,友威科,上櫃,其他電子業,2010/7/9,股票,4
3581,博磊,上櫃,半導體業,2015/1/20,股票,4
3587,閎康,上櫃,其他電子業,2009/8/18,股票,4
3594,磐儀,上櫃,電腦及週邊設備業,2013/5/7,股票,4
3597,映興,上櫃,電子零組件業,2020/3/9,股票,4
3609,三一東林,上櫃,電子零組件業,2011/1/11,股票,4
3611,鼎翰,上櫃,電腦及週邊設備業,2008/11/26,股票,4
3615,安可,上櫃,光電業,2009/4/15,股票,4
3623,富晶通,上櫃,光電業,2010/4/28,股票,4
3624,光頡,上櫃,電子零組件業,2011/3/16,股票,4
3625,西勝,上櫃,電腦及週邊設備業,2009/10/28,股票,4
3628,盈正,上櫃,其他電子業,2010/9/9,股票,4
3629,地心引力,上櫃,文化創意業,2020/6/1,股票,4
3630,新鉅科,上櫃,光電業,2010/4/26,股票,4
3631,晟楠,上櫃,電子零組件業,2010/12/20,股票,4
3632,研勤,上櫃,通信網路業,2011/1/11,股票,4
3646,艾恩特,上櫃,電子零組件業,2012/3/27,股票,4
3663,鑫科,上櫃,其他電子業,2012/11/20,股票,4
3664,安瑞-KY,上櫃,通信網路業,2010/6/24,股票,4
3666,光耀,上櫃,光電業,2014/12/4,股票,4
3672,康聯訊,上櫃,通信網路業,2015/4/20,股票,4
3675,德微,上櫃,半導體業,2012/6/29,股票,4
3680,家登,上櫃,半導體業,2011/8/31,股票,4
3684,榮昌,上櫃,通信網路業,2014/3/28,股票,4
3685,元創精密,上櫃,電機機械,2010/12/8,股票,4
3687,歐買尬,上櫃,數位雲端,2020/6/1,股票,4
3689,湧德,上櫃,電子零組件業,2012/10/18,股票,4
3691,碩禾,上櫃,光電業,2010/11/18,股票,4
3693,營邦,上櫃,電腦及週邊設備業,2013/11/27,股票,4
3707,漢磊,上櫃,半導體業,2014/10/1,股票,4
3709,鑫聯大投控,上櫃,電腦及週邊設備業,1999/4/16,股票,4
3710,連展投控,上櫃,電子零組件業,2017/12/29,股票,4
3713,新晶投控,上櫃,綠能環保,2020/2/27,股票,4
4102,永日,上櫃,生技醫療業,2001/3/20,股票,4
4105,東洋,上櫃,生技醫療業,2001/9/27,股票,4
4107,邦特,上櫃,生技醫療業,2002/3/4,股票,4
4109,加捷生醫,上櫃,生技醫療業,2002/8/8,股票,4
4111,濟生,上櫃,生技醫療業,1999/3/6,股票,4
4113,聯上,上櫃,建材營造業,2003/7/22,股票,4
4114,健喬,上櫃,生技醫療業,2003/5/12,股票,4
4116,明基醫,上櫃,生技醫療業,2015/12/16,股票,4
4120,友華,上櫃,生技醫療業,2003/11/5,股票,4
4121,優盛,上櫃,生技醫療業,2003/7/25,股票,4
4123,晟德,上櫃,生技醫療業,2003/10/7,股票,4
4126,太醫,上櫃,生技醫療業,2004/2/9,股票,4
4127,天良,上櫃,生技醫療業,2005/7/29,股票,4
4128,中天,上櫃,生技醫療業,2006/6/9,股票,4
4129,聯合,上櫃,生技醫療業,2004/9/29,股票,4
4130,健亞,上櫃,生技醫療業,2012/1/12,股票,4
4131,浩泰,上櫃,生技醫療業,2004/4/9,股票,4
4138,曜亞,上櫃,生技醫療業,2010/12/29,股票,4
4139,馬光-KY,上櫃,生技醫療業,2011/4/29,股票,4
4147,中裕,上櫃,生技醫療業,2015/11/23,股票,4
4153,鈺緯,上櫃,生技醫療業,2013/5/23,股票,4
4154,樂威科-KY,上櫃,其他業,2011/12/28,股票,4
4157,太景*-KY,上櫃,生技醫療業,2013/8/30,股票,4
4160,訊聯基因,上櫃,生技醫療業,2012/9/17,股票,4
4161,聿新科,上櫃,生技醫療業,2013/6/26,股票,4
4162,智擎,上櫃,生技醫療業,2012/9/18,股票,4
4163,鐿鈦,上櫃,生技醫療業,2012/11/15,股票,4
4166,友霖,上櫃,生技醫療業,2025/8/21,股票,4
4167,松瑞藥,上櫃,生技醫療業,2015/9/8,股票,4
4168,醣聯,上櫃,生技醫療業,2012/12/18,股票,4
4171,瑞基,上櫃,農業科技業,2018/3/28,股票,4
4173,久裕,上櫃,生技醫療業,2013/10/31,股票,4
4174,浩鼎,上櫃,生技醫療業,2015/3/23,股票,4
4175,杏一,上櫃,生技醫療業,2014/4/23,股票,4
4183,福永生技,上櫃,生技醫療業,2017/3/9,股票,4
4188,安克,上櫃,生技醫療業,2015/3/24,股票,4
4192,杏國,上櫃,生技醫療業,2014/10/28,股票,4
4198,欣大健康,上櫃,生技醫療業,2014/12/23,股票,4
4205,中華食,上櫃,食品工業,1999/1/31,股票,4
4207,環泰,上櫃,食品工業,2000/1/21,股票,4
4303,信立,上櫃,塑膠工業,1999/3/10,股票,4
4304,勝昱,上櫃,塑膠工業,2000/1/27,股票,4
4305,世坤,上櫃,塑膠工業,2000/9/28,股票,4
4401,東隆興,上櫃,紡織纖維,1996/5/9,股票,4
4402,郡都開發,上櫃,紡織纖維,1997/7/23,股票,4
4406,新昕纖,上櫃,紡織纖維,1999/1/14,股票,4
4413,飛寶企業,上櫃,紡織纖維,1999/7/29,股票,4
4416,三圓,上櫃,建材營造業,2000/5/6,股票,4
4417,金洲,上櫃,紡織纖維,2000/11/7,股票,4
4419,皇家美食,上櫃,觀光餐旅,2001/6/26,股票,4
4420,光明,上櫃,紡織纖維,2002/4/18,股票,4
4430,耀億,上櫃,其他業,2011/6/9,股票,4
4432,銘旺實,上櫃,紡織纖維,2012/11/26,股票,4
4433,興采,上櫃,紡織纖維,2014/11/3,股票,4
4442,竣邦-KY,上櫃,紡織纖維,2023/11/29,股票,4
4502,健信,上櫃,電機機械,1995/12/12,股票,4
4503,金雨,上櫃,電機機械,1996/12/19,股票,4
4506,崇友,上櫃,電機機械,1997/12/6,股票,4
4510,高鋒,上櫃,電機機械,1998/2/24,股票,4
4513,福裕,上櫃,電機機械,1998/3/25,股票,4
4523,永彰,上櫃,電機機械,1999/11/22,股票,4
4527,方土霖,上櫃,電機機械,2000/9/28,股票,4
4528,江興鍛,上櫃,電機機械,2001/2/12,股票,4
4529,淳紳,上櫃,其他業,2001/5/4,股票,4
4530,宏易,上櫃,觀光餐旅,2001/4/30,股票,4
4533,協易機,上櫃,電機機械,2002/4/26,股票,4
4534,慶騰,上櫃,電機機械,2003/3/31,股票,4
4535,至興,上櫃,電機機械,2003/4/16,股票,4
4538,大詠城,上櫃,電機機械,2019/1/15,股票,4
4541,晟田,上櫃,其他業,2014/7/22,股票,4
4542,科嶠,上櫃,電子零組件業,2014/8/25,股票,4
4543,萬在,上櫃,電機機械,2016/3/15,股票,4
4549,桓達,上櫃,電機機械,2014/11/27,股票,4
4550,長佳,上櫃,電機機械,2015/3/18,股票,4
4554,橙的,上櫃,其他電子業,2016/8/5,股票,4
4556,旭然,上櫃,其他業,2015/12/22,股票,4
4558,寶緯,上櫃,電機機械,2022/3/17,股票,4
4561,健椿,上櫃,電機機械,2018/6/11,股票,4
4563,百德,上櫃,電機機械,2018/7/12,股票,4
4568,科際精密,上櫃,電機機械,2018/10/3,股票,4
4577,達航科技,上櫃,其他電子業,2022/6/14,股票,4
4580,捷流閥業,上櫃,電機機械,2020/1/6,股票,4
4584,君帆,上櫃,電機機械,2022/10/5,股票,4
4609,唐鋒,上櫃,居家生活,2000/5/19,股票,4
4702,中美實,上櫃,居家生活,1995/4/21,股票,4
4706,大恭,上櫃,化學工業,1998/4/17,股票,4
4707,磐亞,上櫃,化學工業,1998/5/20,股票,4
4711,永純,上櫃,化學工業,1999/2/24,股票,4
4714,永捷,上櫃,化學工業,2000/3/27,股票,4
4716,大立,上櫃,化學工業,2000/3/27,股票,4
4721,美琪瑪,上櫃,化學工業,2001/3/9,股票,4
4726,永昕,上櫃,生技醫療業,2013/12/25,股票,4
4728,雙美,上櫃,生技醫療業,2012/1/10,股票,4
4729,熒茂,上櫃,光電業,2009/2/24,股票,4
4735,豪展,上櫃,生技醫療業,2011/8/16,股票,4
4741,泓瀚,上櫃,化學工業,2017/9/26,股票,4
4743,合一,上櫃,生技醫療業,2011/9/23,股票,4
4744,皇將,上櫃,生技醫療業,2018/7/12,股票,4
4745,合富-KY,上櫃,生技醫療業,2013/1/30,股票,4
4747,強生,上櫃,生技醫療業,2013/12/25,股票,4
4749,新應材,上櫃,半導體業,2025/1/17,股票,4
4754,國碳科,上櫃,化學工業,2016/9/28,股票,4
4760,勤凱,上櫃,其他電子業,2019/3/21,股票,4
4767,誠泰科技,上櫃,化學工業,2018/10/29,股票,4
4768,晶呈科技,上櫃,化學工業,2022/4/13,股票,4
4772,台特化,上櫃,化學工業,2024/9/20,股票,4
4804,大略-KY,上櫃,觀光餐旅,2015/12/4,股票,4
4806,桂田文創,上櫃,文化創意業,2016/3/9,股票,4
4903,聯光通,上櫃,通信網路業,2001/5/14,股票,4
4905,台聯電,上櫃,通信網路業,2001/12/7,股票,4
4907,富宇,上櫃,建材營造業,2002/3/4,股票,4
4908,前鼎,上櫃,通信網路業,2002/2/27,股票,4
4909,新復興,上櫃,通信網路業,2002/11/28,股票,4
4911,德英,上櫃,生技醫療業,2011/3/21,股票,4
4923,力士,上櫃,半導體業,2022/3/14,股票,4
4924,欣厚-KY,上櫃,電腦及週邊設備業,2011/10/18,股票,4
4931,新盛力,上櫃,電腦及週邊設備業,2019/9/17,股票,4
4933,友輝,上櫃,光電業,2010/5/4,股票,4
4939,亞電,上櫃,電子零組件業,2011/9/19,股票,4
4946,辣椒,上櫃,文化創意業,2011/6/10,股票,4
4950,金耘國際,上櫃,鋼鐵工業,2012/4/27,股票,4
4951,精拓科,上櫃,半導體業,2022/11/3,股票,4
4953,緯軟,上櫃,資訊服務業,2014/1/8,股票,4
4966,譜瑞-KY,上櫃,半導體業,2011/9/13,股票,4
4971,IET-KY,上櫃,半導體業,2013/7/24,股票,4
4972,湯石照明,上櫃,光電業,2013/6/17,股票,4
4973,廣穎,上櫃,半導體業,2012/6/19,股票,4
4974,亞泰,上櫃,電子零組件業,2011/11/29,股票,4
4979,華星光,上櫃,通信網路業,2011/12/12,股票,4
4987,科誠,上櫃,電腦及週邊設備業,2012/3/21,股票,4
4991,環宇-KY,上櫃,半導體業,2014/9/15,股票,4
4995,晶達,上櫃,光電業,2012/5/9,股票,4
5009,榮剛,上櫃,鋼鐵工業,1998/10/17,股票,4
5011,久陽,上櫃,鋼鐵工業,1999/5/6,股票,4
5013,強新,上櫃,鋼鐵工業,2000/5/8,股票,4
5014,建錩,上櫃,鋼鐵工業,2001/2/15,股票,4
5015,華祺,上櫃,鋼鐵工業,2000/12/15,股票,4
5016,松和,上櫃,鋼鐵工業,2001/3/5,股票,4
5201,凱衛,上櫃,資訊服務業,2000/10/12,股票,4
5202,力新,上櫃,資訊服務業,2000/10/18,股票,4
5205,中茂,上櫃,綠能環保,2001/5/14,股票,4
5206,坤悅,上櫃,建材營造業,2001/10/8,股票,4
5209,新鼎,上櫃,其他業,2002/2/25,股票,4
5210,寶碩,上櫃,資訊服務業,2002/4/25,股票,4
5211,蒙恬,上櫃,資訊服務業,2002/12/23,股票,4
5212,凌網,上櫃,資訊服務業,2003/3/24,股票,4
5213,亞昕,上櫃,建材營造業,2003/4/24,股票,4
5220,萬達光電,上櫃,光電業,2018/4/26,股票,4
5223,安力-KY,上櫃,電腦及週邊設備業,2018/7/2,股票,4
5227,立凱-KY,上櫃,電子零組件業,2013/12/9,股票,4
5228,鈺鎧,上櫃,電子零組件業,2022/5/20,股票,4
5230,雷笛克光學,上櫃,光電業,2012/6/5,股票,4
5236,凌陽創新,上櫃,半導體業,2021/7/29,股票,4
5245,智晶,上櫃,光電業,2015/5/25,股票,4
5251,天鉞電,上櫃,光電業,2012/11/26,股票,4
5263,智崴,上櫃,文化創意業,2012/12/18,股票,4
5272,笙科,上櫃,半導體業,2013/5/30,股票,4
5274,信驊,上櫃,半導體業,2013/4/30,股票,4
5276,達輝-KY,上櫃,其他業,2014/6/12,股票,4
5278,尚凡*,上櫃,數位雲端,2013/6/4,股票,4
5287,數字,上櫃,數位雲端,2014/1/20,股票,4
5289,宜鼎,上櫃,電腦及週邊設備業,2013/11/27,股票,4
5291,邑昇,上櫃,電子零組件業,2014/12/23,股票,4
5299,杰力,上櫃,半導體業,2018/1/23,股票,4
5301,寶得利,上櫃,觀光餐旅,1990/6/25,股票,4
5302,太欣,上櫃,半導體業,1991/1/17,股票,4
5309,系統電,上櫃,電子零組件業,1996/3/18,股票,4
5310,天剛,上櫃,資訊服務業,1996/4/9,股票,4
5312,寶島科,上櫃,生技醫療業,1996/5/25,股票,4
5314,世紀*,上櫃,其他業,1996/9/16,股票,4
5315,光聯,上櫃,光電業,1996/11/2,股票,4
5321,美而快,上櫃,數位雲端,1996/12/30,股票,4
5324,士開,上櫃,建材營造業,1997/1/30,股票,4
5328,華容,上櫃,電子零組件業,1997/8/28,股票,4
5340,建榮,上櫃,電子零組件業,1998/1/20,股票,4
5344,立衛,上櫃,半導體業,1998/3/23,股票,4
5345,馥鴻,上櫃,其他業,1998/3/23,股票,4
5347,世界,上櫃,半導體業,1998/3/25,股票,4
5348,正能量智能,上櫃,運動休閒,2025/6/2,股票,4
5351,鈺創,上櫃,半導體業,1998/5/15,股票,4
5353,台林,上櫃,通信網路業,1998/5/18,股票,4
5355,佳總,上櫃,電子零組件業,1998/6/23,股票,4
5356,協益,上櫃,電腦及週邊設備業,1998/7/20,股票,4
5364,力麗店,上櫃,觀光餐旅,2013/8/26,股票,4
5371,中光電,上櫃,光電業,1999/1/20,股票,4
5381,光譜,上櫃,電子零組件業,1999/3/19,股票,4
5386,青雲,上櫃,電腦及週邊設備業,1999/5/13,股票,4
5392,能率,上櫃,光電業,1999/6/14,股票,4
5398,慕康生醫,上櫃,其他業,1999/10/11,股票,4
5403,中菲,上櫃,資訊服務業,1999/10/15,股票,4
5410,國眾,上櫃,資訊服務業,1999/11/26,股票,4
5425,台半,上櫃,半導體業,2000/2/21,股票,4
5426,振發,上櫃,電腦及週邊設備業,2000/2/9,股票,4
5432,新門,上櫃,綠能環保,2000/3/21,股票,4
5438,東友,上櫃,電腦及週邊設備業,2000/6/17,股票,4
5439,高技,上櫃,電子零組件業,2000/6/26,股票,4
5443,均豪,上櫃,半導體業,1998/2/9,股票,4
5450,南良,上櫃,其他業,2020/6/1,股票,4
5452,佶優,上櫃,其他電子業,2000/10/2,股票,4
5455,昇益,上櫃,建材營造業,2000/10/19,股票,4
5457,宣德,上櫃,電子零組件業,2000/9/29,股票,4
5460,同協,上櫃,電子零組件業,2000/9/28,股票,4
5464,霖宏,上櫃,電子零組件業,2000/11/8,股票,4
5465,富驊,上櫃,電腦及週邊設備業,2000/11/8,股票,4
5468,凱鈺,上櫃,半導體業,2001/1/17,股票,4
5474,聰泰,上櫃,電腦及週邊設備業,2001/3/20,股票,4
5475,德宏,上櫃,電子零組件業,2001/1/16,股票,4
5478,智冠,上櫃,文化創意業,2001/3/29,股票,4
5481,新華,上櫃,其他業,2020/6/1,股票,4
5483,中美晶,上櫃,半導體業,2001/3/2,股票,4
5487,通泰,上櫃,半導體業,2001/2/20,股票,4
5488,松普,上櫃,電子零組件業,2001/3/12,股票,4
5489,彩富,上櫃,其他電子業,2001/3/12,股票,4
5490,同亨,上櫃,電腦及週邊設備業,2001/5/14,股票,4
5493,三聯,上櫃,其他電子業,2001/5/3,股票,4
5498,凱崴,上櫃,電子零組件業,2001/3/29,股票,4
5508,永信建,上櫃,建材營造業,1998/5/13,股票,4
5511,德昌,上櫃,建材營造業,1998/12/9,股票,4
5512,力麒,上櫃,建材營造業,1998/12/4,股票,4
5514,三豐,上櫃,建材營造業,1998/12/29,股票,4
5516,雙喜,上櫃,建材營造業,1999/3/23,股票,4
5520,力泰,上櫃,建材營造業,1999/10/27,股票,4
5523,豐謙,上櫃,建材營造業,1999/12/27,股票,4
5529,鉅陞,上櫃,建材營造業,1996/1/12,股票,4
5530,龍巖,上櫃,其他業,2000/10/4,股票,4
5536,聖暉*,上櫃,其他電子業,2010/11/10,股票,4
5543,桓鼎-KY,上櫃,建材營造業,2016/5/9,股票,4
5547,久舜,上櫃,建材營造業,2026/2/3,股票,4
5548,安倉,上櫃,建材營造業,2024/3/18,股票,4
5601,台聯櫃,上櫃,航運業,1994/11/24,股票,4
5603,陸海,上櫃,航運業,1997/1/25,股票,4
5604,中連,上櫃,其他業,1997/5/22,股票,4
5609,中菲行,上櫃,航運業,2001/10/15,股票,4
5701,劍湖山,上櫃,觀光餐旅,1998/3/12,股票,4
5703,亞都,上櫃,觀光餐旅,1999/6/15,股票,4
5704,老爺知,上櫃,觀光餐旅,1999/12/21,股票,4
5864,致和證,上櫃,金融保險業,2018/4/2,股票,4
5878,台名,上櫃,金融保險業,2014/10/28,股票,4
5902,德記,上櫃,居家生活,1998/2/7,股票,4
5903,全家,上櫃,居家生活,2002/2/25,股票,4
5904,寶雅,上櫃,居家生活,2002/9/6,股票,4
5905,南仁湖,上櫃,觀光餐旅,2003/6/17,股票,4
6015,宏遠證,上櫃,金融保險業,1996/7/25,股票,4
6016,康和證,上櫃,金融保險業,1996/12/4,股票,4
6020,大展證,上櫃,金融保險業,2003/1/23,股票,4
6021,美好證,上櫃,金融保險業,2003/4/21,股票,4
6023,元大期,上櫃,金融保險業,2007/11/28,股票,4
6026,福邦證,上櫃,金融保險業,2016/1/27,股票,4
6028,公勝保經,上櫃,金融保險業,2026/3/30,股票,4
6101,寬魚國際,上櫃,文化創意業,2001/3/29,股票,4
6103,合邦,上櫃,半導體業,2001/5/7,股票,4
6104,創惟,上櫃,半導體業,2001/5/22,股票,4
6109,亞元,上櫃,通信網路業,2001/7/26,股票,4
6111,光聚晶電,上櫃,文化創意業,2026/3/12,股票,4
6113,亞矽,上櫃,電子通路業,2001/8/10,股票,4
6114,久威,上櫃,電子零組件業,2001/9/27,股票,4
6118,建達,上櫃,電子通路業,2001/10/25,股票,4
6121,新普,上櫃,電腦及週邊設備業,2001/11/27,股票,4
6122,擎邦,上櫃,電機機械,2000/7/14,股票,4
6123,上奇,上櫃,資訊服務業,2002/1/23,股票,4
6124,業強,上櫃,電子零組件業,2002/3/19,股票,4
6125,廣運,上櫃,光電業,2002/1/23,股票,4
6126,信音,上櫃,電子零組件業,2002/1/18,股票,4
6127,九豪,上櫃,電子零組件業,2002/1/10,股票,4
6129,普誠,上櫃,半導體業,2001/12/25,股票,4
6130,上亞科技,上櫃,生技醫療業,2002/3/26,股票,4
6134,萬旭,上櫃,電子零組件業,2002/1/8,股票,4
6138,茂達,上櫃,半導體業,2002/1/18,股票,4
6140,訊達,上櫃,資訊服務業,2002/2/4,股票,4
6143,振曜,上櫃,通信網路業,2002/1/28,股票,4
6144,得利影,上櫃,文化創意業,2002/1/23,股票,4
6146,耕興,上櫃,其他電子業,2002/1/23,股票,4
6147,頎邦,上櫃,半導體業,2002/1/31,股票,4
6148,驊宏資,上櫃,資訊服務業,2002/2/1,股票,4
6150,撼訊,上櫃,電腦及週邊設備業,2002/3/11,股票,4
6151,晉倫,上櫃,其他電子業,2002/2/25,股票,4
6154,順發,上櫃,電子通路業,2002/2/18,股票,4
6156,松上,上櫃,電子零組件業,2002/2/19,股票,4
6158,禾昌,上櫃,電子零組件業,2002/2/19,股票,4
6160,欣技,上櫃,電腦及週邊設備業,2002/3/1,股票,4
6161,捷波,上櫃,電腦及週邊設備業,2002/3/1,股票,4
6163,華電網,上櫃,通信網路業,2002/3/19,股票,4
6167,久正,上櫃,光電業,2002/3/26,股票,4
6169,昱泉,上櫃,文化創意業,2002/3/22,股票,4
6170,統振,上櫃,通信網路業,2002/4/16,股票,4
6171,大城地產,上櫃,建材營造業,2002/4/22,股票,4
6173,信昌電,上櫃,電子零組件業,2002/4/19,股票,4
6174,安��,上櫃,電子零組件業,2002/5/2,股票,4
6175,立敦,上櫃,電子零組件業,2002/6/10,股票,4
6179,亞通,上櫃,其他業,2002/5/17,股票,4
6180,橘子,上櫃,文化創意業,2002/5/21,股票,4
6182,合晶,上櫃,半導體業,2002/5/16,股票,4
6185,幃翔,上櫃,電子零組件業,2002/8/9,股票,4
6186,新潤,上櫃,建材營造業,2002/8/2,股票,4
6187,萬潤,上櫃,半導體業,2002/9/27,股票,4
6188,廣明,上櫃,電腦及週邊設備業,2002/8/27,股票,4
6190,萬泰科,上櫃,通信網路業,1998/2/4,股票,4
6194,育富,上櫃,電子零組件業,2002/12/5,股票,4
6195,詩肯,上櫃,居家生活,2002/10/21,股票,4
6198,瑞築,上櫃,建材營造業,2002/12/26,股票,4
6199,天品,上櫃,其他業,2016/10/7,股票,4
6203,海韻電,上櫃,電子零組件業,2002/12/26,股票,4
6204,艾華,上櫃,電子零組件業,2002/11/13,股票,4
6207,雷科,上櫃,電子零組件業,2002/12/23,股票,4
6208,日揚,上櫃,半導體業,2002/12/23,股票,4
6210,慶生,上櫃,電子零組件業,2003/2/14,股票,4
6212,理銘,上櫃,建材營造業,2002/12/26,股票,4
6217,中探針,上櫃,電子零組件業,2003/1/9,股票,4
6218,豪勉,上櫃,通信網路業,2003/1/14,股票,4
6219,富旺,上櫃,建材營造業,2003/2/26,股票,4
6220,岳豐,上櫃,電子零組件業,2003/1/9,股票,4
6221,晉泰,上櫃,資訊服務業,2003/1/6,股票,4
6222,立軒,上櫃,光電業,2003/1/9,股票,4
6223,旺矽,上櫃,半導體業,2003/1/6,股票,4
6227,茂綸,上櫃,電子通路業,2003/1/14,股票,4
6228,全譜,上櫃,電腦及週邊設備業,2003/1/21,股票,4
6229,研通,上櫃,半導體業,2003/1/14,股票,4
6231,系微,上櫃,資訊服務業,2003/1/23,股票,4
6233,旺玖,上櫃,半導體業,2003/2/20,股票,4
6234,高僑,上櫃,光電業,2003/3/12,股票,4
6236,中湛,上櫃,其他業,2003/3/31,股票,4
6237,驊訊,上櫃,半導體業,2003/4/21,股票,4
6240,松崗,上櫃,資訊服務業,2003/5/30,股票,4
6241,易通展,上櫃,通信網路業,2003/4/8,股票,4
6242,立康,上櫃,生技醫療業,2003/4/23,股票,4
6244,茂迪,上櫃,光電業,2003/5/15,股票,4
6245,立端,上櫃,通信網路業,2003/5/19,股票,4
6246,臺龍,上櫃,光電業,2003/6/18,股票,4
6248,沛波,上櫃,鋼鐵工業,2003/9/3,股票,4
6259,百徽,上櫃,電子零組件業,2003/9/17,股票,4
6261,久元,上櫃,半導體業,2004/3/29,股票,4
6263,普萊德,上櫃,通信網路業,2003/9/17,股票,4
6264,富裔,上櫃,建材營造業,2004/2/24,股票,4
6265,方土昶,上櫃,電子通路業,2003/10/24,股票,4
6266,泰詠,上櫃,電子零組件業,2004/4/29,股票,4
6270,倍微,上櫃,電子通路業,2003/9/17,股票,4
6274,台燿,上櫃,電子零組件業,2003/12/18,股票,4
6275,元山,上櫃,電子零組件業,2004/12/23,股票,4
6276,安鈦克,上櫃,電腦及週邊設備業,2003/10/30,股票,4
6279,胡連,上櫃,電子零組件業,2003/11/26,股票,4
6284,佳邦,上櫃,電子零組件業,2004/6/29,股票,4
6290,良維,上櫃,電子零組件業,2005/6/3,股票,4
6291,沛亨,上櫃,半導體業,2004/1/28,股票,4
6292,迅德,上櫃,電子零組件業,2003/11/26,股票,4
6294,智基,上櫃,文化創意業,2004/1/13,股票,4
6411,晶焱,上櫃,半導體業,2014/3/11,股票,4
6417,韋僑,上櫃,通信網路業,2015/10/8,股票,4
6418,詠昇,上櫃,電子零組件業,2019/2/18,股票,4
6419,京晨科,上櫃,光電業,2014/12/29,股票,4
6423,億而得,上櫃,半導體業,2026/1/22,股票,4
6425,易發,上櫃,電機機械,2019/1/18,股票,4
6432,今展科,上櫃,電子零組件業,2015/5/20,股票,4
6435,大中,上櫃,半導體業,2016/1/7,股票,4
6441,廣錠,上櫃,電腦及週邊設備業,2017/9/27,股票,4
6461,益得,上櫃,生技醫療業,2018/3/28,股票,4
6462,神盾,上櫃,半導體業,2015/12/23,股票,4
6465,威潤,上櫃,通信網路業,2015/11/20,股票,4
6469,大樹,上櫃,生技醫療業,2016/3/30,股票,4
6470,宇智,上櫃,通信網路業,2015/11/3,股票,4
6474,華豫寧,上櫃,電子通路業,2025/11/25,股票,4
6482,弘煜科,上櫃,文化創意業,2016/6/13,股票,4
6485,點序,上櫃,半導體業,2015/11/17,股票,4
6486,互動,上櫃,通信網路業,2016/9/13,股票,4
6488,環球晶,上櫃,半導體業,2015/9/25,股票,4
6492,生華科,上櫃,生技醫療業,2017/4/24,股票,4
6494,九齊,上櫃,半導體業,2016/5/9,股票,4
6496,科懋,上櫃,生技醫療業,2016/1/7,股票,4
6498,久禾光,上櫃,光電業,2025/5/20,股票,4
6499,益安,上櫃,生技醫療業,2016/7/27,股票,4
6506,雙邦,上櫃,紡織纖維,2011/5/3,股票,4
6508,惠光,上櫃,農業科技業,2004/3/22,股票,4
6509,聚和,上櫃,化學工業,2004/4/12,股票,4
6510,精測,上櫃,半導體業,2016/3/24,股票,4
6512,啟發電,上櫃,其他電子業,2016/3/25,股票,4
6516,勤崴國際,上櫃,資訊服務業,2019/5/6,股票,4
6517,保勝光學,上櫃,光電業,2022/12/15,股票,4
6523,達爾膚,上櫃,生技醫療業,2016/6/16,股票,4
6527,明達醫,上櫃,生技醫療業,2019/12/25,股票,4
6530,創威,上櫃,通信網路業,2018/1/23,股票,4
6532,瑞耘,上櫃,半導體業,2016/9/26,股票,4
6535,順藥,上櫃,生技醫療業,2016/9/26,股票,4
6538,倉和,上櫃,電子零組件業,2016/10/21,股票,4
6542,隆中,上櫃,文化創意業,2016/9/8,股票,4
6546,正基,上櫃,通信網路業,2022/5/24,股票,4
6547,高端疫苗,上櫃,生技醫療業,2018/4/17,股票,4
6548,長科*,上櫃,半導體業,2016/9/13,股票,4
6556,勝品,上櫃,光電業,2017/10/31,股票,4
6560,欣普羅,上櫃,光電業,2017/1/24,股票,4
6561,是方,上櫃,通信網路業,2018/6/5,股票,4
6568,宏觀,上櫃,半導體業,2016/12/28,股票,4
6569,醫揚,上櫃,生技醫療業,2016/12/21,股票,4
6570,維田,上櫃,電腦及週邊設備業,2017/12/11,股票,4
6574,霈方,上櫃,生技醫療業,2017/9/4,股票,4
6576,逸達,上櫃,生技醫療業,2018/6/29,股票,4
6577,勁豐,上櫃,電腦及週邊設備業,2017/3/21,股票,4
6578,達邦蛋白,上櫃,農業科技業,2018/9/18,股票,4
6584,南俊國際,上櫃,電子零組件業,2023/5/18,股票,4
6588,東典光電,上櫃,通信網路業,2020/7/1,股票,4
6590,普鴻,上櫃,資訊服務業,2018/12/24,股票,4
6593,台灣銘板,上櫃,資訊服務業,2017/11/3,股票,4
6596,寬宏藝術,上櫃,文化創意業,2018/1/4,股票,4
6597,立誠,上櫃,電子零組件業,2025/5/8,股票,4
6603,富強鑫,上櫃,電機機械,2004/4/5,股票,4
6609,瀧澤科,上櫃,電機機械,2003/9/23,股票,4
6612,奈米醫材,上櫃,生技醫療業,2018/7/18,股票,4
6613,朋億*,上櫃,其他電子業,2017/12/28,股票,4
6615,慧智,上櫃,生技醫療業,2018/1/22,股票,4
6616,特昇-KY,上櫃,居家生活,2018/1/10,股票,4
6617,共信-KY,上櫃,生技醫療業,2024/6/18,股票,4
6620,漢達,上櫃,生技醫療業,2025/12/23,股票,4
6624,萬年清,上櫃,綠能環保,2019/5/28,股票,4
6629,泰金-KY,上櫃,居家生活,2019/6/6,股票,4
6637,醫影,上櫃,生技醫療業,2024/6/18,股票,4
6640,均華,上櫃,半導體業,2018/10/23,股票,4
6642,富致,上櫃,電子零組件業,2019/9/23,股票,4
6643,M31,上櫃,半導體業,2019/1/23,股票,4
6649,台生材,上櫃,生技醫療業,2019/6/5,股票,4
6651,全宇昕,上櫃,半導體業,2021/2/1,股票,4
6654,天正國際,上櫃,其他電子業,2018/10/23,股票,4
6661,威健生技,上櫃,生技醫療業,2021/1/27,股票,4
6662,樂斯科,上櫃,生技醫療業,2019/3/26,股票,4
6664,群翊,上櫃,電子零組件業,2018/9/12,股票,4
6667,信紘科,上櫃,其他電子業,2018/11/13,股票,4
6679,鈺太,上櫃,半導體業,2019/5/9,股票,4
6680,鑫創電子,上櫃,電腦及週邊設備業,2019/9/16,股票,4
6683,雍智科技,上櫃,半導體業,2019/4/23,股票,4
6684,安格,上櫃,半導體業,2021/8/11,股票,4
6690,安�硌穈T,上櫃,數位雲端,2019/10/30,股票,4
6692,進能服,上櫃,綠能環保,2024/2/2,股票,4
6693,廣閎科,上櫃,半導體業,2022/3/1,股票,4
6697,東捷資訊,上櫃,資訊服務業,2019/12/26,股票,4
6703,軒郁,上櫃,生技醫療業,2020/10/20,股票,4
6708,天擎,上櫃,半導體業,2022/12/29,股票,4
6712,長聖,上櫃,生技醫療業,2021/1/8,股票,4
6716,應廣,上櫃,半導體業,2020/3/27,股票,4
6720,久昌,上櫃,半導體業,2024/12/4,股票,4
6721,信實,上櫃,其他業,2022/4/29,股票,4
6725,矽科宏晟,上櫃,其他電子業,2025/12/30,股票,4
6727,亞泰金屬,上櫃,電子零組件業,2020/12/1,股票,4
6728,上洋,上櫃,居家生活,2020/12/25,股票,4
6730,常廣,上櫃,生技醫療業,2025/12/10,股票,4
6732,昇佳電子,上櫃,半導體業,2020/6/8,股票,4
6733,博晟生醫,上櫃,生技醫療業,2021/1/28,股票,4
6735,美達科技,上櫃,其他電子業,2022/4/29,股票,4
6739,竹陞科技,上櫃,其他電子業,2024/9/2,股票,4
6741,91APP*-KY,上櫃,數位雲端,2021/5/25,股票,4
6751,智聯服務,上櫃,資訊服務業,2020/12/25,股票,4
6752,叡揚,上櫃,資訊服務業,2020/12/10,股票,4
6761,穩得,上櫃,電子零組件業,2021/11/8,股票,4
6762,達亞,上櫃,生技醫療業,2020/12/18,股票,4
6763,綠界科技*,上櫃,數位雲端,2022/3/15,股票,4
6767,台微醫,上櫃,生技醫療業,2021/1/25,股票,4
6785,昱展新藥,上櫃,生技醫療業,2024/1/24,股票,4
6788,華景電,上櫃,半導體業,2021/9/29,股票,4
6791,虎門科技,上櫃,資訊服務業,2022/11/14,股票,4
6803,崑鼎,上櫃,綠能環保,2010/5/27,股票,4
6804,明係,上櫃,運動休閒,2022/3/31,股票,4
6811,宏�硌穈T,上櫃,數位雲端,2022/8/9,股票,4
6821,聯寶,上櫃,電子零組件業,2023/5/22,股票,4
6823,濾能,上櫃,半導體業,2022/6/30,股票,4
6829,千附精密,上櫃,半導體業,2022/3/11,股票,4
6840,東研信超,上櫃,其他電子業,2023/3/24,股票,4
6841,長佳智能,上櫃,生技醫療業,2023/3/1,股票,4
6843,進典,上櫃,電機機械,2022/11/21,股票,4
6844,諾貝兒,上櫃,生技醫療業,2024/3/8,股票,4
6846,綠茵,上櫃,食品工業,2023/5/15,股票,4
6855,數泓科,上櫃,其他電子業,2022/10/6,股票,4
6856,鑫傳,上櫃,文化創意業,2023/10/27,股票,4
6859,伯特光,上櫃,光電業,2022/11/28,股票,4
6865,偉康科技,上櫃,數位雲端,2023/1/11,股票,4
6870,騰雲,上櫃,數位雲端,2023/9/14,股票,4
6872,浩宇生醫,上櫃,生技醫療業,2025/3/7,股票,4
6874,倍力,上櫃,資訊服務業,2022/12/14,股票,4
6875,國邑*,上櫃,生技醫療業,2024/3/26,股票,4
6877,鏵友益,上櫃,其他電子業,2023/6/16,股票,4
6881,潤德,上櫃,其他業,2024/5/21,股票,4
6884,海柏特,上櫃,資訊服務業,2025/12/17,股票,4
6894,衛司特,上櫃,綠能環保,2023/11/29,股票,4
6895,宏碩系統,上櫃,半導體業,2023/8/22,股票,4
6899,創為精密,上櫃,光電業,2024/4/8,股票,4
6903,巨漢,上櫃,其他電子業,2024/6/12,股票,4
6904,伯鑫,上櫃,其他業,2023/12/5,股票,4
6907,雅特力-KY,上櫃,半導體業,2026/1/29,股票,4
6910,德鴻,上櫃,數位雲端,2025/12/11,股票,4
6913,鴻呈,上櫃,電子零組件業,2024/10/1,股票,4
6922,宸曜,上櫃,電腦及週邊設備業,2023/11/9,股票,4
6925,意藍,上櫃,數位雲端,2025/5/28,股票,4
6929,佑全,上櫃,生技醫療業,2024/3/28,股票,4
6953,家碩,上櫃,半導體業,2024/5/13,股票,4
6961,旅天下,上櫃,觀光餐旅,2026/1/22,股票,4
6967,汎瑋材料,上櫃,電子零組件業,2024/9/25,股票,4
6968,萬達寵物,上櫃,居家生活,2024/8/14,股票,4
6971,惠民實業,上櫃,綠能環保,2025/10/2,股票,4
6982,大井泵浦,上櫃,電機機械,2024/12/18,股票,4
6996,力領科技,上櫃,半導體業,2024/12/10,股票,4
6997,博弘,上櫃,數位雲端,2024/12/16,股票,4
7402,邑錡,上櫃,光電業,2015/12/29,股票,4
7547,碩網,上櫃,數位雲端,2025/7/29,股票,4
7556,意德士,上櫃,半導體業,2020/10/30,股票,4
7584,樂意,上櫃,文化創意業,2024/7/25,股票,4
7642,昶瑞機電,上櫃,電機機械,2025/5/22,股票,4
7703,銳澤,上櫃,其他電子業,2024/11/13,股票,4
7704,明遠精密,上櫃,半導體業,2024/12/16,股票,4
7708,全家餐飲,上櫃,觀光餐旅,2024/11/15,股票,4
7709,榮田,上櫃,電機機械,2025/2/25,股票,4
7712,博盛半導體,上櫃,半導體業,2024/12/26,股票,4
7713,威力德生醫,上櫃,生技醫療業,2025/2/24,股票,4
7714,創泓科技,上櫃,數位雲端,2025/1/15,股票,4
7715,裕山,上櫃,綠能環保,2025/1/15,股票,4
7716,昱臺國際,上櫃,航運業,2025/10/28,股票,4
7717,萊德光電-KY,上櫃,通信網路業,2025/11/17,股票,4
7718,友鋮,上櫃,鋼鐵工業,2025/3/18,股票,4
7723,築間,上櫃,觀光餐旅,2025/4/30,股票,4
7728,光焱科技,上櫃,其他電子業,2025/3/6,股票,4
7734,印能科技,上櫃,半導體業,2025/2/26,股票,4
7738,東聯互動,上櫃,數位雲端,2025/10/16,股票,4
7743,金利食安,上櫃,食品工業,2025/5/20,股票,4
7744,崴寶,上櫃,電子零組件業,2025/11/27,股票,4
7747,昕奇雲端,上櫃,數位雲端,2025/7/11,股票,4
7751,竑騰,上櫃,半導體業,2025/8/26,股票,4
7753,星亞,上櫃,光電業,2025/8/11,股票,4
7757,金色三麥,上櫃,觀光餐旅,2025/10/20,股票,4
7767,仁大資訊,上櫃,資訊服務業,2025/12/10,股票,4
7770,君曜,上櫃,半導體業,2025/12/10,股票,4
7777,能率亞洲,上櫃,其他業,2025/12/22,股票,4
7782,光速火箭,上櫃,居家生活,2025/10/28,股票,4
7792,安葆,上櫃,其他電子業,2026/1/28,股票,4
7794,宏�硒撥s,上櫃,居家生活,2026/4/20,股票,4
7805,威聯通,上櫃,數位雲端,2025/12/22,股票,4
7810,捷創科技,上櫃,半導體業,2025/12/23,股票,4
7811,民盛,上櫃,運動休閒,2026/3/25,股票,4
7820,立盈,上櫃,綠能環保,2026/4/27,股票,4
7828,創新服務,上櫃,半導體業,2026/4/22,股票,4
8024,佑華,上櫃,半導體業,2006/9/25,股票,4
8027,鈦昇,上櫃,電機機械,2015/6/9,股票,4
8032,光菱,上櫃,電子通路業,2003/10/2,股票,4
8034,榮群,上櫃,通信網路業,2004/5/6,股票,4
8038,長園科,上櫃,電子零組件業,2013/11/21,股票,4
8040,九暘,上櫃,半導體業,2007/4/30,股票,4
8042,金山電,上櫃,電子零組件業,2004/3/22,股票,4
8043,蜜望實,上櫃,電子零組件業,2003/10/24,股票,4
8044,網家,上櫃,數位雲端,2005/1/24,股票,4
8047,星雲,上櫃,其他電子業,2004/2/9,股票,4
8048,德勝,上櫃,通信網路業,2009/9/8,股票,4
8049,晶采,上櫃,光電業,2004/2/2,股票,4
8050,廣積,上櫃,電腦及週邊設備業,2003/10/24,股票,4
8054,安國,上櫃,半導體業,2004/11/8,股票,4
8059,凱碩,上櫃,通信網路業,2010/3/16,股票,4
8064,東捷,上櫃,光電業,2006/9/25,股票,4
8066,來思達,上櫃,居家生活,2004/12/24,股票,4
8067,志旭,上櫃,電子通路業,2004/4/23,股票,4
8068,全達,上櫃,電子通路業,2004/3/25,股票,4
8069,元太,上櫃,光電業,2004/3/30,股票,4
8071,能率網通,上櫃,電子零組件業,2003/12/29,股票,4
8074,鉅橡,上櫃,電子零組件業,2004/1/27,股票,4
8076,伍豐,上櫃,電腦及週邊設備業,2003/12/15,股票,4
8077,洛��,上櫃,觀光餐旅,2004/12/6,股票,4
8080,泰霖,上櫃,建材營造業,2021/4/7,股票,4
8083,瑞穎,上櫃,電機機械,2004/9/23,股票,4
8084,巨虹,上櫃,電子通路業,2004/3/8,股票,4
8085,福華,上櫃,其他電子業,2004/3/1,股票,4
8086,宏捷科,上櫃,半導體業,2009/6/1,股票,4
8087,麗升能源,上櫃,綠能環保,2004/2/25,股票,4
8088,品安,上櫃,半導體業,2004/2/27,股票,4
8089,康全電訊,上櫃,通信網路業,2020/9/23,股票,4
8091,翔名,上櫃,半導體業,2004/6/24,股票,4
8092,建暐,上櫃,其他電子業,2004/2/2,股票,4
8093,保銳,上櫃,電子零組件業,2004/12/31,股票,4
8096,擎亞,上櫃,電子通路業,2004/7/15,股票,4
8097,常珵,上櫃,通信網路業,2004/3/1,股票,4
8099,大世科,上櫃,資訊服務業,2004/3/29,股票,4
8102,傑霖科技,上櫃,半導體業,2025/12/22,股票,4
8107,大億金茂,上櫃,電機機械,2005/11/15,股票,4
8109,博大,上櫃,電子零組件業,2005/3/22,股票,4
8111,立��,上櫃,光電業,2004/2/9,股票,4
8121,越峰,上櫃,電子零組件業,2005/2/17,股票,4
8147,正淩,上櫃,電子零組件業,2013/4/30,股票,4
8155,博智,上櫃,電子零組件業,2012/12/18,股票,4
8171,天宇,上櫃,綠能環保,2011/12/19,股票,4
8176,智捷,上櫃,通信網路業,2013/6/25,股票,4
8182,加高,上櫃,電子零組件業,2006/5/25,股票,4
8183,精星,上櫃,其他電子業,2005/3/30,股票,4
8227,巨有科技,上櫃,半導體業,2022/12/20,股票,4
8234,新漢,上櫃,電腦及週邊設備業,2007/6/7,股票,4
8240,華宏,上櫃,光電業,2005/6/23,股票,4
8255,朋程,上櫃,電機機械,2006/4/25,股票,4
8272,全景軟體,上櫃,資訊服務業,2024/10/23,股票,4
8277,商丞,上櫃,半導體業,2004/12/27,股票,4
8279,生展,上櫃,生技醫療業,2016/9/26,股票,4
8284,三竹,上櫃,資訊服務業,2020/5/18,股票,4
8289,泰藝,上櫃,電子零組件業,2008/4/24,股票,4
8291,尚茂,上櫃,電子零組件業,2011/11/29,股票,4
8299,群聯,上櫃,半導體業,2004/12/6,股票,4
8342,益張,上櫃,其他業,2017/11/23,股票,4
8349,�矬�,上櫃,鋼鐵工業,2006/3/10,股票,4
8354,冠好,上櫃,其他業,2004/4/15,股票,4
8358,金居,上櫃,電子零組件業,2010/9/27,股票,4
8383,千附,上櫃,半導體業,2004/9/10,股票,4
8390,金益鼎,上櫃,綠能環保,2008/5/21,股票,4
8401,白紗科,上櫃,其他業,2010/3/29,股票,4
8403,盛弘,上櫃,生技醫療業,2011/3/1,股票,4
8409,商之器,上櫃,生技醫療業,2013/11/25,股票,4
8410,森田,上櫃,電腦及週邊設備業,2011/2/23,股票,4
8415,大國鋼,上櫃,鋼鐵工業,2016/9/7,股票,4
8416,實威,上櫃,資訊服務業,2012/9/19,股票,4
8421,旭源,上櫃,其他業,2012/11/23,股票,4
8423,保綠-KY,上櫃,綠能環保,2012/3/14,股票,4
8424,惠普,上櫃,建材營造業,2012/12/18,股票,4
8426,紅木-KY,上櫃,其他業,2011/12/13,股票,4
8431,匯鑽科,上櫃,其他電子業,2015/3/30,股票,4
8432,東生華,上櫃,生技醫療業,2012/4/30,股票,4
8433,弘帆,上櫃,居家生活,2012/12/19,股票,4
8435,鉅邁,上櫃,其他業,2012/12/28,股票,4
8436,大江,上櫃,生技醫療業,2013/9/12,股票,4
8437,大地-KY,上櫃,其他業,2015/5/6,股票,4
8440,綠電,上櫃,綠能環保,2018/3/28,股票,4
8444,綠河-KY,上櫃,其他業,2015/10/27,股票,4
8446,華研,上櫃,文化創意業,2013/12/19,股票,4
8450,霹靂,上櫃,文化創意業,2014/10/7,股票,4
8455,大拓-KY,上櫃,其他電子業,2016/1/8,股票,4
8472,夠麻吉,上櫃,數位雲端,2016/1/11,股票,4
8477,創業家,上櫃,數位雲端,2025/8/25,股票,4
8489,三貝德,上櫃,其他業,2017/4/27,股票,4
8905,裕國,上櫃,其他業,1996/1/31,股票,4
8906,花王,上櫃,其他業,1996/4/23,股票,4
8908,欣雄,上櫃,油電燃氣業,1997/2/14,股票,4
8916,光隆,上櫃,其他業,1999/4/20,股票,4
8917,欣泰,上櫃,油電燃氣業,1999/5/6,股票,4
8921,沈氏,上櫃,其他業,2000/3/21,股票,4
8923,時報,上櫃,文化創意業,1999/12/27,股票,4
8924,大田,上櫃,運動休閒,2000/2/9,股票,4
8927,北基,上櫃,油電燃氣業,2000/11/2,股票,4
8928,鉅明,上櫃,運動休閒,2001/2/2,股票,4
8929,富堡,上櫃,其他業,2000/11/30,股票,4
8930,青鋼,上櫃,鋼鐵工業,2000/12/6,股票,4
8931,大汽電,上櫃,油電燃氣業,2001/5/10,股票,4
8932,智通*,上櫃,其他業,2001/3/29,股票,4
8933,愛地雅,上櫃,運動休閒,2001/3/28,股票,4
8935,邦泰,上櫃,其他業,2002/3/26,股票,4
8936,國統,上櫃,其他業,2002/9/9,股票,4
8937,合騏*,上櫃,其他業,2002/10/29,股票,4
8938,明安,上櫃,運動休閒,2002/12/2,股票,4
8941,關中,上櫃,居家生活,2003/1/20,股票,4
8942,森鉅,上櫃,其他業,2003/5/16,股票,4
9949,琉園,上櫃,文化創意業,2003/11/21,股票,4
9950,萬國通,上櫃,塑膠工業,2004/2/17,股票,4
9951,皇田,上櫃,電機機械,2003/12/18,股票,4
9960,邁達康,上櫃,運動休閒,2004/12/6,股票,4
9962,有益,上櫃,鋼鐵工業,2006/7/10,股票,4
